301.425000 0.000088 0.000953 0.000345 0.000435 -0.000563 -0.000703 1.000000 
301.527000 -0.000497 0.000678 0.002200 0.000275 -0.000051 -0.000481 1.000000 
301.625000 0.000563 0.001042 0.005630 0.000682 -0.000979 -0.000660 0.999999 
301.726000 0.001464 0.001098 0.007374 0.000448 -0.001088 -0.000508 0.999999 
301.826000 0.000943 0.000632 0.005626 0.000154 -0.000482 -0.000480 1.000000 
301.926000 0.001250 0.000134 0.004938 0.000228 -0.000985 -0.000659 0.999999 
302.026000 0.000067 0.000293 0.000397 0.000109 -0.000135 -0.000523 1.000000 
302.126000 -0.000460 0.000132 -0.002717 0.000042 -0.000133 -0.000601 1.000000 
302.228000 -0.001553 -0.000310 -0.003479 -0.000188 0.001019 -0.000637 0.999999 
302.328000 -0.001072 0.000261 -0.003367 0.000222 -0.000038 -0.000783 1.000000 
302.427000 -0.001040 0.001346 -0.003156 0.000473 0.000473 -0.000703 1.000000 
302.526000 -0.001140 0.001342 -0.001013 0.000301 0.000850 -0.000607 0.999999 
302.628000 0.000399 0.001405 0.003679 0.000497 -0.000416 -0.000841 0.999999 
302.727000 0.001239 0.001212 0.004275 0.000350 -0.000644 -0.000653 1.000000 
302.834000 0.000760 0.000291 0.002852 -0.000098 0.000057 -0.000578 1.000000 
302.929000 0.000726 -0.000310 0.001389 -0.000068 -0.000491 -0.000574 1.000000 
303.029000 0.000329 -0.000433 -0.000493 -0.000075 -0.000212 -0.000717 1.000000 
303.130000 -0.000323 -0.000067 0.001707 0.000196 0.000417 -0.000625 1.000000 
303.229000 0.000258 0.000912 0.003749 0.000365 -0.000683 -0.000737 0.999999 
303.331000 0.000002 0.001480 0.003183 0.000255 -0.000194 -0.000656 1.000000 
303.431000 -0.000322 0.000908 0.004015 0.000043 0.000246 -0.000553 1.000000 
303.529000 0.000740 0.000503 0.004659 0.000299 -0.000781 -0.000678 0.999999 
303.628000 0.000739 0.000652 0.000958 0.000224 -0.000437 -0.000724 1.000000 
303.727000 0.000229 0.000296 -0.002717 -0.000002 0.000108 -0.000608 1.000000 
303.829000 -0.001343 0.000391 -0.005317 0.000146 0.001009 -0.000666 0.999999 
303.928000 -0.001043 0.001303 -0.003193 0.000767 -0.000060 -0.000792 0.999999 
304.026000 -0.001045 0.001750 -0.002996 0.000401 0.000286 -0.000680 1.000000 
304.128000 -0.001563 0.001617 -0.001916 0.000452 0.000914 -0.000558 0.999999 
304.227000 -0.000115 0.001152 0.002605 0.000552 -0.000188 -0.000800 1.000000 
304.328000 0.001640 0.000937 0.005607 0.000557 -0.001073 -0.000761 0.999999 
304.427000 0.001632 0.000358 0.006108 0.000093 -0.000420 -0.000557 1.000000 
304.527000 0.001445 -0.000272 0.006813 0.000027 -0.000617 -0.000589 1.000000 
304.629000 0.001619 0.000293 0.006669 0.000353 -0.001079 -0.000703 0.999999 
304.727000 0.000402 0.000156 0.002167 -0.000241 -0.000160 -0.000655 1.000000 
304.828000 -0.000729 0.000330 -0.000273 0.000129 0.000258 -0.000649 1.000000 
304.926000 -0.000336 0.000615 0.000127 0.000397 -0.000481 -0.000753 1.000000 
305.028000 -0.000110 0.001222 -0.001673 0.000304 -0.000356 -0.000677 1.000000 
305.129000 -0.000506 0.001365 -0.001836 0.000397 0.000222 -0.000637 1.000000 
305.228000 -0.000397 0.000945 0.001890 0.000478 0.000207 -0.000757 1.000000 
305.327000 0.000471 0.000654 0.004416 0.000359 -0.000790 -0.000675 0.999999 
305.428000 0.000683 0.000384 0.004793 0.000159 -0.000412 -0.000613 1.000000 
305.529000 0.000556 -0.000225 0.006823 0.000011 0.000025 -0.000612 1.000000 
305.631000 0.001061 -0.000033 0.006308 0.000066 -0.000811 -0.000777 0.999999 
305.728000 0.000480 0.000510 0.002487 0.000128 -0.000288 -0.000664 1.000000 
305.827000 -0.000211 0.000636 -0.000049 0.000188 0.000223 -0.000644 1.000000 
305.931000 -0.000527 0.000496 -0.002171 0.000078 0.000108 -0.000659 1.000000 
306.028000 -0.000414 0.001187 -0.004831 0.000434 -0.000154 -0.000724 1.000000 
306.128000 -0.000642 0.001306 -0.006018 0.000364 0.000328 -0.000693 1.000000 
306.230000 -0.000063 0.001379 -0.004795 0.000545 -0.000198 -0.000741 1.000000 
306.329000 -0.000638 0.001201 -0.003029 0.000380 0.000492 -0.000683 1.000000 
306.428000 -0.001521 0.000204 -0.000488 -0.000015 0.001007 -0.000566 0.999999 
306.528000 -0.000298 0.000093 0.003292 0.000251 -0.000378 -0.000745 1.000000 
306.627000 0.000394 0.000575 0.006107 0.000340 -0.000277 -0.000704 1.000000 
306.728000 0.000605 0.000436 0.007406 -0.000030 -0.000059 -0.000553 1.000000 
306.829000 0.000710 0.000203 0.008132 -0.000007 -0.000100 -0.000679 1.000000 
306.930000 0.001680 0.000335 0.007210 0.000135 -0.001220 -0.000626 0.999999 
307.030000 0.000735 0.000263 0.002265 -0.000146 -0.000000 -0.000652 1.000000 
307.132000 -0.000895 0.000122 -0.002689 -0.000076 0.000644 -0.000484 1.000000 
307.230000 -0.000550 0.000599 -0.003242 0.000393 -0.000124 -0.000755 1.000000 
307.330000 -0.000572 0.001476 -0.004979 0.000506 0.000051 -0.000788 1.000000 
307.428000 -0.001517 0.001623 -0.004230 0.000392 0.000952 -0.000495 0.999999 
307.529000 -0.000482 0.001557 0.000006 0.000685 -0.000220 -0.000687 1.000000 
307.634000 0.000763 0.001301 0.003587 0.000493 -0.000684 -0.000679 0.999999 
307.729000 0.000698 0.000467 0.002562 0.000049 -0.000166 -0.000645 1.000000 
307.830000 -0.000128 -0.000084 0.001771 0.000083 0.000374 -0.000562 1.000000 
307.929000 0.000757 -0.000003 0.003659 0.000299 -0.000758 -0.000671 0.999999 
308.029000 0.000188 0.000278 0.001710 -0.000073 0.000048 -0.000653 1.000000 
308.129000 -0.000518 0.000653 0.001594 0.000191 0.000356 -0.000695 1.000000 
308.229000 -0.000568 0.000593 0.002480 0.000145 0.000138 -0.000721 1.000000 
308.328000 0.000481 0.001116 0.003656 0.000528 -0.000739 -0.000743 0.999999 
308.427000 0.000837 0.001331 0.003725 0.000371 -0.000533 -0.000731 1.000000 
308.528000 0.000862 0.000616 0.004816 0.000226 -0.000223 -0.000646 1.000000 
308.628000 0.001450 0.000267 0.006035 0.000268 -0.001007 -0.000657 0.999999 
308.729000 0.000197 0.000098 0.002556 -0.000043 -0.000047 -0.000521 1.000000 
308.828000 -0.000177 -0.000011 -0.000506 -0.000024 -0.000363 -0.000594 1.000000 
308.930000 -0.000562 -0.000336 -0.002944 -0.000203 0.000161 -0.000702 1.000000 
309.028000 -0.000998 0.000856 -0.004858 0.000443 0.000246 -0.000788 1.000000 
309.128000 -0.001544 0.001408 -0.004507 0.000372 0.000788 -0.000724 0.999999 
309.228000 -0.001915 0.001415 -0.001882 0.000379 0.000957 -0.000730 0.999999 
309.328000 -0.000110 0.001394 0.002968 0.000527 -0.000417 -0.000791 0.999999 
309.428000 0.001460 0.001087 0.005386 0.000414 -0.000811 -0.000647 0.999999 
309.527000 0.002830 0.000391 0.007432 0.000213 -0.001385 -0.000626 0.999999 
309.629000 0.001578 -0.000456 0.004935 -0.000290 -0.000131 -0.000498 1.000000 
309.728000 0.000411 -0.000896 0.002135 -0.000401 -0.000345 -0.000569 1.000000 
309.828000 -0.000609 -0.000713 0.003150 -0.000126 0.000353 -0.000637 1.000000 
309.927000 -0.000417 0.000450 0.002180 0.000149 -0.000716 -0.000667 1.000000 
310.028000 -0.001133 0.001040 -0.000272 0.000019 0.000550 -0.000654 1.000000 
310.128000 -0.001471 0.001311 -0.001549 0.000332 0.000811 -0.000601 0.999999 
310.228000 -0.000405 0.001342 -0.000811 0.000486 -0.000020 -0.000743 1.000000 
310.328000 0.000069 0.001372 -0.002728 0.000441 -0.000077 -0.000758 1.000000 
310.428000 -0.000880 0.000813 -0.004094 0.000192 0.001031 -0.000473 0.999999 
310.527000 -0.000048 0.000664 -0.001999 0.000531 -0.000131 -0.000782 1.000000 
310.628000 0.000184 0.001122 -0.001274 0.000537 -0.000172 -0.000761 1.000000 
310.728000 -0.000040 0.001152 -0.001330 0.000349 0.000011 -0.000656 1.000000 
310.828000 -0.001289 0.000955 -0.001669 0.000226 0.000963 -0.000571 0.999999 
310.928000 -0.000202 0.001015 0.001513 0.000610 -0.000459 -0.000825 0.999999 
311.029000 0.000047 0.000694 0.000963 0.000154 -0.000104 -0.000643 1.000000 
311.129000 -0.000248 0.000521 0.001138 0.000217 0.000322 -0.000549 1.000000 
311.229000 0.000257 0.000280 0.004162 0.000233 -0.000116 -0.000694 1.000000 
311.328000 0.001119 0.000568 0.005443 0.000304 -0.000802 -0.000720 0.999999 
311.429000 0.001121 0.000656 0.004701 0.000110 -0.000423 -0.000720 1.000000 
311.529000 0.000863 0.000161 0.004850 -0.000006 -0.000286 -0.000600 1.000000 
311.629000 0.001102 0.000395 0.005219 0.000321 -0.000828 -0.000722 0.999999 
311.729000 -0.073995 0.001203 -0.001110 -0.000731 -0.001370 0.000504 0.999999 
311.831000 -0.145878 0.001677 -0.002139 0.001200 -0.001326 -0.001036 0.999998 
311.929000 -0.201979 0.001760 0.007755 0.000684 -0.003206 -0.001613 0.999993 
312.030000 -0.247909 0.000723 0.011255 0.000285 -0.002505 -0.001993 0.999995 
312.129000 -0.294164 0.001053 0.008692 -0.000345 0.001448 -0.000968 0.999998 
312.229000 -0.340259 0.001321 0.007320 -0.001098 0.000350 -0.000836 0.999999 
312.330000 -0.379554 0.001791 0.005504 -0.000273 -0.001663 -0.001499 0.999997 
312.428000 -0.423320 0.001635 0.004031 -0.000886 -0.003310 -0.000577 0.999994 
312.527000 -0.469205 0.003273 0.004478 -0.000135 -0.003820 -0.000967 0.999992 
312.629000 -0.528335 0.004447 0.001440 -0.000436 -0.000854 -0.000333 0.999999 
312.729000 -0.589330 0.005166 -0.004306 -0.000772 0.002068 -0.000721 0.999997 
312.829000 -0.639278 0.004909 -0.006343 -0.000065 -0.000606 -0.001700 0.999998 
312.929000 -0.682284 0.005702 -0.001391 0.000506 -0.003304 -0.001239 0.999994 
313.027000 -0.721601 0.006502 0.000770 -0.000182 -0.003572 -0.001407 0.999993 
313.128000 -0.774014 0.008436 0.002272 0.000652 -0.001179 -0.000840 0.999999 
313.229000 -0.816676 0.008208 0.004700 0.000041 0.000974 -0.000626 0.999999 
313.327000 -0.790886 0.007692 0.002435 -0.000179 0.001913 -0.002073 0.999996 
313.428000 -0.768225 0.006159 -0.000551 -0.000324 -0.000032 -0.001466 0.999999 
313.527000 -0.759375 0.006023 -0.003153 0.000463 -0.001563 -0.000828 0.999998 
313.628000 -0.759491 0.005984 -0.002321 0.000316 -0.003594 -0.000700 0.999993 
313.729000 -0.767656 0.006186 -0.000802 0.000216 -0.003454 -0.000627 0.999994 
313.829000 -0.778206 0.006794 0.000667 -0.000096 -0.002330 -0.000836 0.999997 
313.927000 -0.784468 0.007937 0.001273 0.000342 -0.002114 -0.001174 0.999997 
314.028000 -0.784474 0.003237 0.001290 -0.000842 -0.003575 0.081844 0.996638 
314.128000 -0.790409 0.004766 -0.002820 0.001435 0.000411 0.125062 0.992148 
314.228000 -0.798593 0.008376 -0.004177 0.000248 0.003004 0.169338 0.985553 
314.328000 -0.790815 0.008264 -0.002520 -0.000543 -0.001746 0.212418 0.977177 
314.428000 -0.782769 0.004676 0.001724 -0.002380 -0.002798 0.259256 0.965802 
314.528000 -0.780510 -0.002731 0.005217 -0.003311 -0.003627 0.300621 0.953731 
314.628000 -0.792947 -0.000103 -0.000016 0.001651 0.000174 0.345290 0.938495 
314.727000 -0.809570 0.007239 -0.004372 0.000854 0.003736 0.385548 0.922680 
314.828000 -0.804933 0.009652 -0.005866 -0.000555 -0.001948 0.425772 0.904828 
314.928000 -0.797789 0.003494 -0.001152 -0.003095 -0.001857 0.467955 0.883745 
315.028000 -0.790803 -0.000146 0.000296 -0.002595 -0.003015 0.507079 0.861891 
315.129000 -0.797262 -0.001453 -0.000538 0.000297 -0.000014 0.545224 0.838290 
315.228000 -0.809503 0.002155 -0.006955 0.003415 -0.001919 0.580164 0.814490 
315.328000 -0.811932 -0.001199 -0.005449 -0.000501 -0.002171 0.614487 0.788924 
315.428000 -0.806527 -0.010104 0.001291 -0.003801 -0.001761 0.649673 0.760202 
315.528000 -0.796309 -0.013247 0.005375 -0.004626 -0.002166 0.682022 0.731313 
315.629000 -0.801703 -0.010943 0.003233 0.000173 -0.001361 0.714040 0.700104 
315.730000 -0.816494 -0.005781 -0.000332 0.002264 0.000413 0.744122 0.668040 
315.828000 -0.818400 -0.007375 -0.000578 -0.001409 -0.000503 0.773158 0.634212 
315.928000 -0.814079 -0.015983 0.001777 -0.003109 0.000012 0.801086 0.598541 
316.028000 -0.805839 -0.021765 0.003453 -0.003234 -0.001258 0.826891 0.562351 
316.129000 -0.806879 -0.025373 0.000331 -0.000974 -0.000825 0.851874 0.523745 
316.228000 -0.815742 -0.022643 -0.006377 0.001766 -0.001683 0.873314 0.487152 
316.328000 -0.813555 -0.023044 -0.005137 -0.002296 -0.001173 0.895370 0.445316 
316.428000 -0.807828 -0.027486 -0.003462 -0.003620 0.000281 0.914940 0.403574 
316.528000 -0.799342 -0.031199 0.000627 -0.004521 -0.000516 0.931737 0.363104 
316.628000 -0.805543 -0.029043 -0.004970 0.001436 -0.003948 0.946500 0.322675 
316.728000 -0.814860 -0.027667 -0.005261 0.001650 0.000098 0.960162 0.279438 
316.828000 -0.813360 -0.031045 -0.002580 -0.001687 -0.000182 0.971730 0.236090 
316.927000 -0.805120 -0.037271 0.000564 -0.003070 0.000706 0.981290 0.192512 
317.028000 -0.796064 -0.043700 0.003494 -0.004040 0.000470 0.988533 0.150947 
317.129000 -0.797025 -0.041338 -0.002748 -0.001466 -0.002129 0.994358 0.106047 
317.227000 -0.803058 -0.035690 -0.012947 0.000715 -0.003566 0.997910 0.064524 
317.328000 -0.777516 -0.038879 -0.011824 0.000963 -0.000868 0.998757 0.049818 
317.429000 -0.701930 -0.050817 -0.011100 0.004111 -0.000775 0.997318 0.073076 
317.528000 -0.639179 -0.060778 -0.009835 0.002838 -0.000706 0.997331 0.072958 
317.627000 -0.573925 -0.070603 0.002678 -0.007165 -0.000965 0.997325 0.072730 
317.727000 -0.518236 -0.080076 0.011655 -0.006910 0.000036 0.997341 0.072550 
317.827000 -0.487312 -0.085330 0.013137 -0.002951 0.000443 0.997495 0.070679 
317.927000 -0.455185 -0.093234 0.007529 -0.000042 0.001625 0.997412 0.071877 
318.028000 -0.416381 -0.101301 0.004843 0.000935 0.000829 0.997335 0.072952 
318.127000 -0.365712 -0.110050 0.004930 -0.001788 0.000495 0.997252 0.074064 
318.228000 -0.306455 -0.118794 0.001475 -0.000356 0.000838 0.997303 0.073385 
318.330000 -0.255030 -0.124036 -0.001218 0.000512 0.000964 0.997403 0.072021 
318.428000 -0.207775 -0.128892 -0.008756 0.002113 0.000505 0.997378 0.072340 
318.528000 -0.230958 -0.122033 -0.008061 -0.003540 -0.000256 0.997447 0.071326 
318.628000 -0.254963 -0.116666 -0.006131 -0.000797 -0.000596 0.997407 0.071963 
318.727000 -0.268921 -0.115892 -0.000884 0.001575 -0.000936 0.997362 0.072564 
318.828000 -0.266340 -0.120366 0.002665 0.000811 -0.000711 0.997279 0.073712 
318.929000 -0.257271 -0.126786 0.002184 0.001014 0.000117 0.997291 0.073546 
319.028000 -0.246943 -0.130814 0.002435 0.000542 0.000318 0.997302 0.073403 
319.128000 -0.238186 -0.131221 0.005052 -0.001481 0.000625 0.997303 0.073374 
319.228000 -0.234377 -0.127629 0.004966 -0.002337 0.000460 0.997346 0.072770 
319.328000 -0.237396 -0.122859 0.003904 -0.001358 0.000483 0.997399 0.072067 
319.430000 -0.241952 -0.119780 0.003823 -0.001568 0.000110 0.997399 0.072064 
319.530000 -0.246644 -0.119018 0.002618 -0.000845 -0.000241 0.997380 0.072339 
319.629000 -0.249856 -0.121575 0.002880 -0.000141 -0.000369 0.997354 0.072693 
319.728000 -0.249429 -0.125022 0.003421 -0.001135 -0.000122 0.997322 0.073132 
319.828000 -0.248465 -0.127413 0.000408 -0.000582 -0.000057 0.997303 0.073394 
319.928000 -0.248281 -0.128625 -0.001611 0.000498 0.000540 0.997317 0.073196 
320.027000 -0.246025 -0.127787 -0.000402 -0.000883 0.000274 0.997309 0.073306 
320.128000 -0.244405 -0.125014 -0.001022 -0.001002 0.000071 0.997326 0.073077 
320.229000 -0.244068 -0.121853 -0.002268 -0.000582 -0.000205 0.997356 0.072665 
320.328000 -0.245204 -0.120591 -0.002087 0.000075 0.000182 0.997389 0.072209 
320.428000 -0.244984 -0.121134 0.000937 -0.001164 -0.000443 0.997352 0.072719 
320.528000 -0.245337 -0.122598 0.000605 -0.000855 -0.000273 0.997359 0.072620 
320.627000 -0.247093 -0.124861 -0.000305 0.000135 0.000088 0.997365 0.072549 
320.728000 -0.246971 -0.126923 0.003960 -0.000684 0.000197 0.997331 0.073011 
320.829000 -0.245972 -0.127254 0.005274 -0.001456 0.000072 0.997303 0.073379 
320.929000 -0.246980 -0.126505 0.002953 0.000135 0.001002 0.997371 0.072462 
321.029000 -0.246890 -0.125186 0.003069 -0.000225 0.000121 0.997331 0.073007 
321.129000 -0.245356 -0.123702 0.001869 -0.001145 0.000205 0.997346 0.072796 
321.229000 -0.244597 -0.122591 -0.000816 -0.000744 -0.000074 0.997350 0.072751 
321.328000 -0.245827 -0.122544 -0.002090 0.000295 0.000053 0.997379 0.072355 
321.428000 -0.246093 -0.122987 -0.003832 -0.000528 -0.000085 0.997362 0.072591 
321.531000 -0.246513 -0.123215 -0.005360 -0.000299 -0.000323 0.997354 0.072702 
321.629000 -0.247003 -0.123670 -0.004313 0.000064 -0.000172 0.997360 0.072616 
321.730000 -0.246985 -0.124114 0.000923 -0.000035 -0.000079 0.997359 0.072623 
321.829000 -0.245660 -0.124139 0.004243 -0.001091 -0.000125 0.997339 0.072896 
321.930000 -0.244497 -0.124168 0.004945 -0.001265 -0.000016 0.997334 0.072959 
322.031000 -0.244836 -0.124671 0.005546 -0.000564 0.000197 0.997360 0.072608 
322.130000 -0.244342 -0.124568 0.005684 -0.001374 -0.000006 0.997344 0.072826 
322.229000 -0.244575 -0.124353 0.001444 -0.001178 0.000140 0.997335 0.072953 
322.330000 -0.245691 -0.124510 -0.001756 -0.000627 0.000010 0.997354 0.072698 
322.429000 -0.246645 -0.124875 -0.003023 -0.000481 0.000117 0.997332 0.072992 
322.530000 -0.246284 -0.123291 -0.004589 -0.000872 -0.000501 0.997339 0.072901 
322.629000 -0.246446 -0.122516 -0.004313 -0.000127 -0.000185 0.997354 0.072700 
322.729000 -0.247517 -0.122818 -0.002762 0.000481 0.000031 0.997372 0.072445 
322.826000 -0.246695 -0.123305 0.000167 -0.000518 -0.000274 0.997337 0.072930 
322.929000 -0.246208 -0.124376 0.002662 -0.000369 -0.000183 0.997340 0.072888 
323.030000 -0.244975 -0.125503 0.005514 -0.001142 0.000025 0.997333 0.072976 
323.131000 -0.244658 -0.125272 0.004180 -0.000823 0.000308 0.997358 0.072631 
323.229000 -0.245283 -0.125290 0.003820 -0.000373 0.000531 0.997352 0.072717 
323.326000 -0.245889 -0.124728 0.004614 -0.000428 0.000279 0.997352 0.072720 
323.428000 -0.245118 -0.123985 0.004371 -0.001446 -0.000041 0.997342 0.072847 
323.529000 -0.245286 -0.124248 0.002272 -0.000703 0.000411 0.997353 0.072706 
323.629000 -0.246388 -0.124599 0.000732 -0.000158 0.000201 0.997355 0.072684 
323.729000 -0.246037 -0.125035 0.001916 -0.000917 0.000039 0.997327 0.073068 
323.830000 -0.245343 -0.124039 0.000057 -0.001107 -0.000124 0.997351 0.072730 
323.929000 -0.246151 -0.123596 -0.001272 -0.000113 -0.000130 0.997352 0.072731 
324.029000 -0.245758 -0.123390 0.000323 -0.000714 -0.000346 0.997354 0.072699 
324.130000 -0.244840 -0.123128 0.000912 -0.001421 -0.000382 0.997341 0.072865 
324.230000 -0.244959 -0.123394 -0.001196 -0.000853 -0.000042 0.997353 0.072705 
324.329000 -0.247365 -0.124319 -0.002267 0.000597 0.000179 0.997368 0.072505 
324.431000 -0.247504 -0.124633 -0.001635 -0.000643 -0.000302 0.997335 0.072954 
324.528000 -0.302635 -0.114681 -0.000923 -0.004751 0.000299 0.997430 0.071492 
324.630000 -0.374628 -0.102144 -0.000999 -0.000159 0.000129 0.997453 0.071328 
324.730000 -0.444169 -0.090441 0.003171 -0.001353 0.000250 0.997396 0.072102 
324.829000 -0.494764 -0.082668 0.004912 -0.000852 -0.000702 0.997297 0.073470 
324.930000 -0.538056 -0.077022 0.008638 -0.002804 -0.000256 0.997335 0.072903 
325.030000 -0.577257 -0.073059 0.010807 -0.002411 0.000165 0.997323 0.073076 
325.129000 -0.621284 -0.068197 0.006264 -0.000478 0.000337 0.997385 0.072271 
325.229000 -0.672672 -0.061439 -0.001149 0.000363 0.001059 0.997388 0.072226 
325.329000 -0.720042 -0.052638 -0.002819 -0.002350 0.000424 0.997335 0.072917 
325.429000 -0.767285 -0.042428 -0.000998 -0.004308 -0.000013 0.997324 0.072988 
325.529000 -0.815260 -0.032500 0.000379 -0.004293 -0.000186 0.997373 0.072304 
325.629000 -0.868969 -0.023684 0.000718 -0.001186 -0.000152 0.997381 0.072319 
325.729000 -0.924956 -0.016227 -0.001163 0.001022 -0.000496 0.997423 0.071740 
325.829000 -0.961635 -0.011648 -0.001120 -0.005319 0.000230 0.997232 0.074159 
325.929000 -1.010335 -0.005593 -0.003677 -0.003779 -0.000175 0.997338 0.072814 
326.029000 -1.056266 0.001400 -0.004535 -0.004531 0.000204 0.997333 0.072847 
326.129000 -1.110568 0.010408 -0.005915 -0.001876 -0.000063 0.997369 0.072471 
326.230000 -1.168885 0.020082 -0.007725 0.002023 -0.000755 0.997409 0.071912 
326.329000 -1.212544 0.027295 -0.008089 -0.003213 0.000268 0.997300 0.073362 
326.428000 -1.256344 0.034223 -0.003020 -0.004183 -0.000315 0.997327 0.072941 
326.529000 -1.302111 0.039780 -0.002341 -0.004688 0.001051 0.997324 0.072945 
326.629000 -1.355798 0.047552 -0.003771 -0.000205 0.000009 0.997378 0.072364 
326.729000 -1.408940 0.054913 -0.002927 0.002143 -0.000567 0.997428 0.071645 
326.831000 -1.457977 0.063368 -0.007006 -0.002815 0.000724 0.997324 0.073052 
326.929000 -1.503025 0.071107 -0.009027 -0.003923 -0.000086 0.997369 0.072387 
327.029000 -1.547394 0.079144 -0.010600 -0.004993 0.000685 0.997320 0.072986 
327.129000 -1.599176 0.087320 -0.009855 -0.001165 -0.000357 0.997405 0.071986 
327.231000 -1.654852 0.095202 -0.010744 0.001026 -0.000608 0.997444 0.071449 
327.330000 -1.700606 0.102543 -0.009250 -0.003020 0.000797 0.997280 0.073636 
327.429000 -1.745148 0.110868 -0.008643 -0.004534 -0.000299 0.997338 0.072772 
327.529000 -1.733899 0.109196 -0.006939 -0.000757 0.000570 0.997289 0.073583 
327.630000 -1.709506 0.106249 -0.003653 -0.002446 0.000199 0.997295 0.073460 
327.730000 -1.696325 0.103294 -0.004673 -0.003849 0.000757 0.997336 0.072836 
327.828000 -1.699352 0.101630 -0.007840 -0.003485 0.000022 0.997390 0.072112 
327.929000 -1.714643 0.104538 -0.017334 -0.002934 0.000198 0.992162 0.124920 
328.030000 -1.733282 0.110491 -0.014105 -0.002521 -0.000185 0.982892 0.184166 
328.129000 -1.741025 0.113568 -0.012181 -0.002986 -0.000212 0.974066 0.226243 
328.229000 -1.740330 0.114593 -0.005461 -0.002860 0.002480 0.963037 0.269344 
328.329000 -1.737436 0.117843 0.000145 -0.000991 -0.000495 0.950152 0.311786 
328.427000 -1.733998 0.115017 -0.006598 -0.001991 0.003240 0.935591 0.353066 
328.529000 -1.735511 0.119113 -0.007070 -0.000217 -0.000458 0.918270 0.395954 
328.629000 -1.731517 0.122039 -0.008598 -0.003585 -0.000373 0.909474 0.415746 
328.729000 -1.728332 0.121779 -0.013319 -0.002093 -0.001208 0.921601 0.388130 
328.829000 -1.727224 0.119199 -0.015793 -0.002121 -0.001193 0.921696 0.387905 
328.929000 -1.728110 0.117637 -0.015266 -0.001955 -0.002004 0.921688 0.387922 
329.029000 -1.730169 0.117311 -0.013891 -0.002155 -0.001311 0.921609 0.388112 
329.129000 -1.768774 0.153923 -0.012093 -0.001282 -0.000256 0.922221 0.386661 
329.230000 -1.824560 0.210177 -0.013846 -0.001023 -0.002151 0.922145 0.386837 
329.329000 -1.865196 0.257781 -0.013672 -0.002194 -0.001387 0.920990 0.389577 
329.429000 -1.897919 0.297260 -0.014367 -0.003377 -0.001874 0.920998 0.389548 
329.530000 -1.923936 0.326727 -0.012518 -0.002981 -0.001620 0.921303 0.388830 
329.629000 -1.953899 0.350536 -0.011486 -0.000187 -0.000513 0.921481 0.388422 
329.729000 -1.986863 0.376722 -0.013502 -0.001293 -0.000532 0.921630 0.388067 
329.829000 -2.021259 0.409453 -0.014579 -0.002910 -0.000527 0.921370 0.388675 
329.929000 -2.056702 0.448537 -0.014805 -0.003780 -0.000370 0.921444 0.388493 
330.029000 -2.090150 0.486860 -0.018849 -0.004648 0.000503 0.921335 0.388742 
330.129000 -2.128405 0.525528 -0.018859 -0.001051 0.000023 0.921555 0.388248 
330.229000 -2.165718 0.561558 -0.020082 -0.000154 -0.000995 0.921688 0.387932 
330.330000 -2.197915 0.593470 -0.018797 -0.003016 -0.000008 0.921463 0.388454 
330.428000 -2.228466 0.625791 -0.019222 -0.004348 0.000141 0.921474 0.388416 
330.529000 -2.258520 0.658208 -0.019830 -0.004679 -0.000310 0.921673 0.387938 
330.628000 -2.240502 0.638777 -0.016999 -0.001548 -0.000699 0.921149 0.389206 
330.728000 -2.225468 0.621047 -0.016961 -0.003444 0.000409 0.921388 0.388627 
330.827000 -2.221576 0.615243 -0.016727 -0.003377 0.000865 0.921720 0.387839 
330.927000 -2.225681 0.621438 -0.017201 -0.003356 -0.000234 0.921754 0.387761 
331.028000 -2.234166 0.631700 -0.019184 -0.003834 0.000273 0.921614 0.388089 
331.128000 -2.242949 0.639444 -0.020285 -0.002229 0.000543 0.921525 0.388312 
331.228000 -2.246509 0.643151 -0.019551 -0.000993 -0.000699 0.921583 0.388180 
331.327000 -2.244320 0.642087 -0.018513 -0.002031 -0.000742 0.921341 0.388750 
331.429000 -2.240072 0.637582 -0.016016 -0.002052 -0.000506 0.921350 0.388729 
331.528000 -2.235703 0.633236 -0.015834 -0.002480 -0.000454 0.921445 0.388501 
331.628000 -2.233493 0.630580 -0.016326 -0.002922 -0.000126 0.921419 0.388559 
331.727000 -2.234456 0.631578 -0.015945 -0.002667 -0.000456 0.921508 0.388350 
331.828000 -2.237093 0.633349 -0.018020 -0.002760 -0.000396 0.921538 0.388279 
331.928000 -2.238717 0.635453 -0.018689 -0.003118 -0.000154 0.921390 0.388627 
332.028000 -2.239417 0.637620 -0.017446 -0.002641 -0.000453 0.921373 0.388670 
332.128000 -2.239856 0.637318 -0.016434 -0.002055 -0.000136 0.921450 0.388491 
332.228000 -2.238998 0.635505 -0.017604 -0.002147 -0.000093 0.920989 0.389582 
332.328000 -2.234625 0.629538 -0.026947 -0.005869 -0.004637 0.887581 0.460591 
332.428000 -2.237239 0.631379 -0.027917 -0.002984 -0.000136 0.862489 0.506067 
332.529000 -2.237403 0.643392 -0.024779 -0.002257 -0.002306 0.838572 0.544781 
332.628000 -2.238476 0.655764 -0.013686 -0.001832 -0.000816 0.813385 0.581722 
332.728000 -2.241233 0.660849 0.001401 -0.001835 0.000967 0.786092 0.618106 
332.828000 -2.241812 0.658260 0.005287 -0.002017 0.000162 0.758198 0.652022 
332.928000 -2.243301 0.650885 -0.001203 -0.002292 0.000703 0.729019 0.684489 
333.029000 -2.248391 0.649642 0.004367 -0.003276 0.006618 0.746534 0.665306 
333.129000 -2.245576 0.647131 0.001479 -0.001495 0.001104 0.755909 0.654674 
333.229000 -2.241579 0.646623 -0.004424 -0.001315 0.000729 0.756015 0.654553 
333.329000 -2.237307 0.646873 -0.013104 -0.002667 0.000332 0.756057 0.654500 
333.428000 -2.234869 0.649028 -0.020227 -0.002338 -0.000831 0.756160 0.654382 
333.528000 -2.235942 0.652511 -0.022785 -0.002054 -0.001180 0.756138 0.654408 
333.628000 -2.248761 0.731865 -0.023399 -0.002918 0.000007 0.756458 0.654036 
333.728000 -2.259400 0.806236 -0.024271 -0.001944 -0.002009 0.756177 0.654362 
333.828000 -2.267663 0.860039 -0.020431 -0.002129 -0.001623 0.756108 0.654442 
333.929000 -2.275178 0.904169 -0.014387 -0.002489 -0.002210 0.755764 0.654836 
334.028000 -2.281198 0.933255 -0.012602 -0.003660 -0.000056 0.755596 0.655028 
334.128000 -2.286967 0.969900 -0.014724 -0.001509 -0.000905 0.756374 0.654136 
334.228000 -2.291996 1.018909 -0.013623 -0.001543 -0.001584 0.756243 0.654287 
334.328000 -2.295223 1.069750 -0.013822 -0.003529 -0.000377 0.756481 0.654007 
334.428000 -2.301809 1.125537 -0.013276 -0.003578 0.000164 0.756405 0.654094 
334.528000 -2.300502 1.104283 -0.014235 -0.001305 -0.002488 0.755612 0.655013 
334.628000 -2.299571 1.080020 -0.016957 -0.002614 -0.001234 0.756014 0.654549 
334.729000 -2.299614 1.065136 -0.018582 -0.003146 0.000510 0.756536 0.653944 
334.829000 -2.299120 1.068815 -0.017469 -0.002665 -0.000270 0.756743 0.653707 
334.929000 -2.297236 1.083657 -0.014890 -0.002992 -0.001239 0.756417 0.654082 
335.029000 -2.297602 1.095201 -0.013318 -0.003311 -0.000321 0.756252 0.654273 
335.129000 -2.299839 1.098911 -0.011988 -0.002025 -0.001189 0.756241 0.654289 
335.230000 -2.301296 1.097686 -0.014186 -0.002261 -0.001769 0.756032 0.654529 
335.333000 -2.302832 1.093886 -0.015110 -0.001891 -0.001864 0.756005 0.654560 
335.434000 -2.302794 1.087472 -0.016070 -0.001789 -0.000947 0.756288 0.654236 
335.529000 -2.300968 1.084965 -0.015638 -0.002427 -0.001296 0.756144 0.654399 
335.630000 -2.298665 1.086495 -0.013975 -0.001618 -0.001432 0.756341 0.654173 
335.729000 -2.297300 1.088692 -0.013917 -0.001857 -0.001354 0.756442 0.654056 
335.831000 -2.298074 1.088943 -0.015625 -0.002670 -0.000665 0.756316 0.654201 
335.933000 -2.300036 1.090651 -0.015903 -0.002282 -0.001432 0.756140 0.654404 
336.029000 -2.301104 1.091444 -0.017374 -0.002354 -0.001457 0.756087 0.654465 
336.127000 -2.301930 1.089339 -0.017838 -0.002502 -0.000211 0.756145 0.654399 
336.230000 -2.301613 1.089722 -0.016103 -0.001445 -0.001488 0.756319 0.654200 
336.329000 -2.300430 1.089828 -0.013977 -0.002040 -0.001041 0.756233 0.654298 
336.429000 -2.299770 1.087994 -0.011625 -0.002130 -0.000639 0.756281 0.654243 
336.530000 -2.299926 1.089354 -0.011962 -0.001585 -0.001387 0.756242 0.654288 
336.630000 -2.300429 1.089074 -0.013811 -0.001668 -0.001025 0.756349 0.654165 
336.730000 -2.300579 1.086874 -0.017036 -0.002721 -0.000166 0.756277 0.654245 
336.829000 -2.300472 1.087265 -0.018506 -0.003147 -0.000959 0.756064 0.654489 
336.929000 -2.300504 1.089555 -0.015409 -0.001931 -0.001421 0.756124 0.654423 
337.029000 -2.300343 1.090098 -0.016651 -0.003129 -0.000015 0.755865 0.654720 
337.128000 -2.300185 1.089619 -0.017107 -0.002286 -0.000645 0.756217 0.654317 
337.231000 -2.300093 1.090664 -0.015513 -0.002111 -0.001665 0.756204 0.654330 
337.330000 -2.300285 1.091207 -0.015302 -0.001843 -0.001363 0.756146 0.654399 
337.429000 -2.300165 1.088953 -0.016192 -0.002622 -0.000578 0.756173 0.654366 
337.530000 -2.300928 1.089919 -0.014934 -0.001931 -0.001199 0.756076 0.654479 
337.629000 -2.300737 1.090114 -0.015327 -0.001796 -0.001169 0.756256 0.654272 
337.729000 -2.300640 1.088540 -0.017787 -0.002309 -0.000250 0.756234 0.654297 
337.829000 -2.300741 1.087929 -0.017326 -0.002509 -0.000764 0.756216 0.654317 
337.929000 -2.299630 1.090062 -0.017197 -0.002497 -0.001819 0.756078 0.654474 
338.028000 -2.299762 1.089050 -0.017032 -0.002987 -0.000251 0.756136 0.654408 
338.129000 -2.299986 1.087436 -0.015393 -0.002079 -0.001039 0.756505 0.653984 
338.229000 -2.299970 1.088011 -0.015123 -0.002311 -0.001198 0.756240 0.654289 
338.328000 -2.299224 1.089191 -0.014665 -0.002652 -0.001427 0.756229 0.654300 
338.429000 -2.299795 1.088709 -0.013530 -0.002392 -0.000677 0.756364 0.654146 
338.529000 -2.299623 1.089815 -0.014916 -0.002355 -0.001530 0.756281 0.654241 
338.629000 -2.299753 1.092280 -0.015905 -0.002332 -0.001802 0.755994 0.654572 
338.729000 -2.300761 1.091929 -0.015781 -0.001181 -0.001552 0.756465 0.654031 
338.830000 -2.300984 1.088555 -0.017001 -0.003079 -0.000631 0.756118 0.654427 
338.930000 -2.300545 1.088644 -0.015225 -0.001955 -0.001696 0.756095 0.654457 
339.029000 -2.299865 1.089087 -0.014848 -0.002154 -0.001401 0.756242 0.654287 
339.131000 -2.299979 1.086976 -0.016186 -0.002052 -0.000379 0.756431 0.654071 
339.229000 -2.299966 1.087299 -0.016828 -0.002207 -0.001008 0.756247 0.654282 
339.329000 -2.300128 1.090117 -0.015488 -0.002346 -0.001369 0.756119 0.654428 
339.428000 -2.300288 1.089883 -0.014690 -0.002546 -0.000367 0.756180 0.654359 
339.529000 -2.300699 1.091117 -0.013551 -0.001550 -0.001664 0.756306 0.654215 
339.628000 -2.300849 1.090555 -0.013234 -0.001750 -0.000986 0.756235 0.654297 
339.729000 -2.300746 1.087588 -0.013968 -0.002250 -0.000366 0.756349 0.654164 
339.829000 -2.300682 1.087494 -0.014360 -0.001922 -0.001155 0.756179 0.654361 
339.929000 -2.299970 1.088524 -0.014013 -0.001978 -0.001436 0.756275 0.654250 
340.029000 -2.299708 1.087775 -0.016021 -0.003063 -0.000140 0.756226 0.654304 
340.129000 -2.299737 1.087898 -0.017022 -0.002540 -0.000698 0.756201 0.654334 
340.229000 -2.300012 1.089840 -0.015812 -0.001986 -0.001360 0.756177 0.654363 
340.328000 -2.301103 1.091338 -0.015594 -0.001886 -0.000956 0.756081 0.654475 
340.431000 -2.300838 1.090013 -0.016129 -0.002522 -0.000596 0.756091 0.654462 
340.529000 -2.300622 1.090541 -0.014394 -0.002085 -0.001651 0.756149 0.654394 
340.630000 -2.300329 1.090445 -0.014761 -0.001666 -0.001289 0.756210 0.654325 
340.732000 -2.300054 1.088348 -0.018235 -0.002530 -0.000310 0.756118 0.654431 
340.830000 -2.300006 1.087257 -0.017759 -0.002793 -0.000607 0.756141 0.654402 
340.929000 -2.299762 1.089681 -0.016591 -0.002226 -0.001856 0.756167 0.654373 
341.030000 -2.300105 1.089678 -0.017492 -0.002546 -0.000258 0.756203 0.654332 
341.129000 -2.300873 1.088406 -0.015541 -0.002206 -0.000680 0.756357 0.654155 
341.229000 -2.300976 1.089691 -0.015111 -0.002007 -0.001290 0.756196 0.654341 
341.331000 -2.300684 1.090181 -0.014573 -0.002374 -0.000886 0.756074 0.654482 
341.429000 -2.300848 1.089076 -0.012997 -0.002340 -0.000440 0.756255 0.654273 
341.529000 -2.300146 1.088816 -0.013681 -0.002264 -0.001188 0.756269 0.654256 
341.629000 -2.298661 1.089436 -0.016088 -0.002850 -0.001679 0.756057 0.654498 
341.729000 -2.299088 1.088464 -0.017311 -0.002420 -0.000709 0.756310 0.654209 
341.828000 -2.300177 1.087242 -0.017042 -0.002578 -0.000811 0.756346 0.654166 
341.929000 -2.300112 1.090763 -0.017243 -0.002661 -0.001971 0.755970 0.654597 
342.030000 -2.300749 1.091982 -0.016195 -0.001958 -0.001547 0.756278 0.654245 
342.128000 -2.300863 1.088842 -0.015914 -0.002581 -0.000516 0.756271 0.654253 
342.229000 -2.300360 1.087195 -0.014768 -0.002188 -0.001192 0.756269 0.654256 
342.329000 -2.299663 1.089613 -0.013438 -0.002211 -0.001643 0.756065 0.654491 
342.429000 -2.299671 1.089008 -0.014229 -0.001955 -0.000697 0.756400 0.654106 
342.528000 -2.299980 1.089423 -0.015376 -0.002216 -0.001240 0.756182 0.654357 
342.629000 -2.300501 1.089850 -0.015605 -0.001895 -0.001204 0.756238 0.654293 
342.729000 -2.300594 1.089945 -0.015933 -0.001842 -0.001150 0.756270 0.654256 
342.829000 -2.300443 1.088374 -0.016836 -0.002773 -0.000469 0.756195 0.654341 
342.929000 -2.299933 1.089256 -0.015550 -0.001984 -0.001458 0.756225 0.654307 
343.029000 -2.299692 1.088336 -0.014832 -0.002782 -0.000397 0.756186 0.654351 
343.129000 -2.299684 1.088913 -0.013952 -0.001696 -0.001172 0.756244 0.654286 
343.229000 -2.299907 1.090413 -0.013239 -0.001629 -0.001605 0.756302 0.654219 
343.329000 -2.300359 1.090018 -0.013747 -0.002123 -0.001073 0.756315 0.654203 
343.429000 -2.300510 1.088492 -0.015030 -0.002569 -0.000573 0.756156 0.654386 
343.531000 -2.300548 1.089580 -0.015901 -0.002218 -0.001663 0.756157 0.654384 
343.629000 -2.301307 1.089853 -0.016146 -0.001572 -0.000801 0.756150 0.654396 
343.728000 -2.300767 1.088006 -0.018768 -0.002572 -0.000081 0.756168 0.654372 
343.829000 -2.300306 1.087727 -0.018341 -0.002825 -0.000712 0.756153 0.654388 
343.929000 -2.299603 1.090552 -0.016433 -0.001929 -0.001860 0.756162 0.654379 
344.030000 -2.299199 1.090550 -0.018054 -0.002720 -0.000531 0.756080 0.654473 
344.129000 -2.299562 1.088416 -0.016763 -0.002397 -0.000754 0.756292 0.654230 
344.229000 -2.300597 1.089781 -0.014609 -0.001977 -0.001321 0.756148 0.654397 
344.329000 -2.300948 1.090575 -0.014107 -0.001744 -0.001078 0.756291 0.654232 
344.429000 -2.301145 1.088927 -0.013779 -0.002499 -0.000421 0.756233 0.654297 
344.530000 -2.301086 1.089884 -0.014579 -0.001913 -0.001257 0.756126 0.654422 
344.630000 -2.300060 1.089474 -0.016279 -0.002355 -0.001112 0.756127 0.654419 
344.729000 -2.300053 1.087003 -0.017850 -0.002550 -0.000006 0.756230 0.654301 
344.829000 -2.299879 1.086732 -0.016676 -0.002379 -0.001095 0.756378 0.654129 
344.929000 -2.298400 1.089690 -0.016384 -0.002893 -0.001862 0.756032 0.654525 
345.029000 -2.298976 1.089913 -0.015920 -0.002810 -0.000702 0.756301 0.654218 
345.129000 -2.300788 1.088076 -0.014072 -0.001996 -0.000651 0.756408 0.654096 
345.229000 -2.301009 1.088199 -0.014197 -0.002265 -0.001219 0.756280 0.654243 
345.329000 -2.300818 1.090335 -0.013362 -0.002094 -0.001524 0.756178 0.654361 
345.429000 -2.301072 1.089916 -0.013870 -0.001765 -0.000571 0.756364 0.654148 
345.530000 -2.300464 1.090019 -0.014365 -0.002324 -0.001436 0.756079 0.654475 
345.629000 -2.299448 1.090948 -0.014264 -0.001768 -0.001691 0.756164 0.654377 
345.729000 -2.299065 1.090000 -0.015426 -0.001770 -0.001291 0.756373 0.654137 
345.828000 -2.299696 1.087351 -0.017315 -0.002624 -0.000543 0.756241 0.654288 
345.928000 -2.300356 1.088079 -0.016949 -0.002166 -0.001410 0.756169 0.654371 
346.028000 -2.300419 1.089801 -0.016997 -0.002215 -0.001414 0.756144 0.654399 
346.129000 -2.300412 1.088648 -0.017843 -0.002695 -0.000238 0.756235 0.654294 
346.229000 -2.300402 1.090232 -0.015668 -0.001546 -0.001573 0.756324 0.654193 
346.329000 -2.299914 1.090919 -0.013755 -0.002080 -0.001194 0.756233 0.654298 
346.428000 -2.300107 1.088966 -0.011641 -0.002166 -0.000659 0.756220 0.654314 
346.529000 -2.300555 1.089720 -0.012426 -0.001602 -0.001467 0.756210 0.654326 
346.629000 -2.300790 1.088599 -0.013242 -0.001761 -0.000989 0.756355 0.654158 
346.729000 -2.300757 1.086169 -0.015831 -0.002745 -0.000033 0.756253 0.654273 
346.829000 -2.300336 1.086801 -0.017579 -0.003126 -0.000907 0.756076 0.654476 
346.928000 -2.300297 1.089392 -0.014532 -0.001876 -0.001359 0.756139 0.654407 
347.028000 -2.300289 1.090094 -0.015947 -0.003120 0.000053 0.755872 0.654712 
347.129000 -2.300358 1.089833 -0.016497 -0.002172 -0.000680 0.756240 0.654290 
347.229000 -2.300194 1.090921 -0.015315 -0.002061 -0.001631 0.756177 0.654362 
347.329000 -2.300247 1.091332 -0.015461 -0.001821 -0.001373 0.756159 0.654384 
347.429000 -2.300011 1.088985 -0.016574 -0.002651 -0.000589 0.756148 0.654395 
347.529000 -2.300690 1.089867 -0.015249 -0.001916 -0.001240 0.756081 0.654474 
347.629000 -2.300485 1.090107 -0.015621 -0.001802 -0.001221 0.756254 0.654274 
347.729000 -2.300455 1.088541 -0.017974 -0.002328 -0.000294 0.756240 0.654290 
347.829000 -2.300621 1.087970 -0.017446 -0.002539 -0.000793 0.756212 0.654321 
347.929000 -2.299613 1.090091 -0.017195 -0.002498 -0.001825 0.756076 0.654476 
348.028000 -2.299789 1.089029 -0.017016 -0.002991 -0.000257 0.756134 0.654410 
348.129000 -2.300015 1.087413 -0.015307 -0.002070 -0.001034 0.756501 0.653989 
348.228000 -2.299947 1.088049 -0.015096 -0.002311 -0.001214 0.756232 0.654298 
348.328000 -2.299189 1.089197 -0.014609 -0.002641 -0.001416 0.756230 0.654298 
348.429000 -2.299705 1.088715 -0.013304 -0.002403 -0.000677 0.756359 0.654152 
348.529000 -2.299568 1.089799 -0.014602 -0.002340 -0.001482 0.756279 0.654243 
348.630000 -2.299879 1.092073 -0.015182 -0.002285 -0.001693 0.756013 0.654550 
348.732000 -2.300946 1.091653 -0.014876 -0.001104 -0.001474 0.756482 0.654012 
348.829000 -2.301174 1.088336 -0.015746 -0.002851 -0.000495 0.756152 0.654389 
348.928000 -2.300683 1.088307 -0.014255 -0.001857 -0.001543 0.756118 0.654431 
349.031000 -2.299996 1.088803 -0.014089 -0.001879 -0.001288 0.756300 0.654221 
349.130000 -2.299875 1.087034 -0.016190 -0.002058 -0.000366 0.756417 0.654086 
349.230000 -2.299891 1.087770 -0.016598 -0.002048 -0.001167 0.756266 0.654260 
349.329000 -2.299946 1.090536 -0.015456 -0.002344 -0.001380 0.756114 0.654434 
349.430000 -2.300187 1.089720 -0.014892 -0.002513 -0.000423 0.756231 0.654300 
349.528000 -2.300441 1.090673 -0.013912 -0.001605 -0.001733 0.756331 0.654184 
349.630000 -2.300680 1.090097 -0.013429 -0.001763 -0.000967 0.756245 0.654285 
349.730000 -2.300618 1.087416 -0.014148 -0.002292 -0.000395 0.756356 0.654156 
349.829000 -2.300451 1.087713 -0.014643 -0.001919 -0.001223 0.756201 0.654335 
349.929000 -2.299724 1.088932 -0.014193 -0.002030 -0.001483 0.756250 0.654278 
350.029000 -2.299575 1.088219 -0.016100 -0.003098 -0.000186 0.756197 0.654337 
350.129000 -2.299818 1.088205 -0.017161 -0.002454 -0.000728 0.756202 0.654334 
350.230000 -2.300197 1.089775 -0.015992 -0.001993 -0.001375 0.756189 0.654348 
350.329000 -2.301241 1.090973 -0.015682 -0.001876 -0.000938 0.756084 0.654472 
350.429000 -2.300829 1.089756 -0.016018 -0.002495 -0.000620 0.756126 0.654421 
350.529000 -2.300576 1.090470 -0.014092 -0.002013 -0.001607 0.756154 0.654389 
350.629000 -2.309530 1.163232 -0.015406 -0.001096 -0.001476 0.756799 0.653645 
350.729000 -2.318096 1.234104 -0.020204 -0.001398 -0.001232 0.756573 0.653907 
350.829000 -2.324168 1.290580 -0.020711 -0.003070 -0.002150 0.756156 0.654381 
350.929000 -2.332749 1.337601 -0.018914 -0.003030 -0.001875 0.755711 0.654896 
351.029000 -2.341341 1.373305 -0.018578 -0.003172 -0.000437 0.755682 0.654931 
351.129000 -2.348777 1.411587 -0.015425 -0.001680 -0.001558 0.756223 0.654310 
351.229000 -2.354386 1.457546 -0.015748 -0.001616 -0.000757 0.756624 0.653848 
351.329000 -2.358403 1.508672 -0.012940 -0.001865 -0.001297 0.756479 0.654014 
351.429000 -2.352697 1.483374 -0.013116 -0.002013 -0.001516 0.755622 0.655003 
351.529000 -2.351099 1.461058 -0.015370 -0.001377 -0.001274 0.756348 0.654167 
351.628000 -2.351020 1.453373 -0.014661 -0.002878 -0.000770 0.756613 0.653856 
351.730000 -2.351099 1.457948 -0.016450 -0.003462 0.000295 0.755498 0.655141 
351.829000 -2.371205 1.457049 -0.025630 -0.006313 -0.006409 0.709702 0.704445 
351.930000 -2.369656 1.478224 -0.024211 -0.001218 -0.001216 0.665777 0.746149 
352.029000 -2.353410 1.496230 -0.021815 -0.001915 -0.000960 0.632938 0.774200 
352.129000 -2.340297 1.503471 -0.011225 -0.001572 0.001068 0.598229 0.801323 
352.229000 -2.332966 1.501149 -0.011697 -0.003924 -0.003338 0.590492 0.807027 
352.329000 -2.338651 1.489826 -0.013243 -0.001817 -0.002676 0.609129 0.793064 
352.428000 -2.349268 1.480205 -0.015884 -0.001571 -0.002298 0.609105 0.793085 
352.529000 -2.356413 1.475101 -0.017808 -0.002107 -0.001346 0.609327 0.792915 
352.629000 -2.358292 1.477196 -0.016467 -0.001584 0.000098 0.609181 0.793030 
352.729000 -2.354336 1.483435 -0.011663 -0.000773 -0.000986 0.609462 0.792814 
352.829000 -2.348909 1.489715 -0.011559 -0.001258 -0.000487 0.609126 0.793073 
352.929000 -2.325139 1.568405 -0.009041 -0.002292 0.001300 0.609830 0.792528 
353.029000 -2.308221 1.634776 -0.005865 -0.002633 0.001386 0.609178 0.793028 
353.129000 -2.292835 1.693066 -0.014257 0.000000 -0.004558 0.608970 0.793180 
353.230000 -2.284701 1.738182 -0.019341 0.000610 -0.004663 0.608962 0.793186 
353.329000 -2.279589 1.772679 -0.020201 -0.000805 -0.002341 0.608781 0.793334 
353.430000 -2.271468 1.806366 -0.016513 -0.001621 -0.001209 0.609194 0.793019 
353.529000 -2.260036 1.844009 -0.009594 -0.002030 0.000266 0.609285 0.792949 
353.629000 -2.244922 1.896469 -0.005490 0.000039 -0.000748 0.609379 0.792878 
353.729000 -2.228162 1.956177 -0.007024 -0.000151 -0.001451 0.609638 0.792678 
353.829000 -2.215195 2.006966 -0.001917 -0.001280 0.000693 0.609706 0.792626 
353.929000 -2.202858 2.058898 -0.001895 -0.001444 -0.000431 0.609256 0.792972 
354.028000 -2.195724 2.101720 -0.001747 -0.001131 0.000473 0.608922 0.793229 
354.128000 -2.186034 2.147266 -0.003677 -0.000282 -0.000721 0.608866 0.793273 
354.229000 -2.172648 2.197540 -0.007858 -0.000404 -0.000883 0.609287 0.792949 
354.329000 -2.158329 2.242541 -0.010522 -0.001131 -0.000303 0.609509 0.792778 
354.429000 -2.146454 2.288394 -0.006530 -0.001525 0.001630 0.609242 0.792981 
354.529000 -2.134002 2.332617 -0.006221 -0.002271 0.001446 0.609312 0.792926 
354.629000 -2.120546 2.384547 -0.010271 -0.000440 -0.001371 0.609364 0.792889 
354.729000 -2.106520 2.437347 -0.015018 -0.000382 -0.002126 0.609228 0.792992 
354.829000 -2.095198 2.484953 -0.018321 -0.001403 -0.000499 0.609407 0.792856 
354.930000 -2.083279 2.532540 -0.021447 -0.002647 -0.000263 0.609108 0.793083 
355.029000 -2.074414 2.575560 -0.020878 -0.001794 0.001467 0.609334 0.792910 
355.129000 -2.061929 2.622675 -0.026703 -0.000419 -0.001661 0.609617 0.792694 
355.228000 -2.046459 2.673261 -0.029175 -0.000464 -0.002439 0.609314 0.792925 
355.328000 -2.034370 2.717843 -0.027844 -0.002453 -0.000681 0.609408 0.792853 
355.429000 -2.024213 2.763667 -0.021994 -0.002801 0.001274 0.609380 0.792873 
355.528000 -2.013111 2.808235 -0.018009 -0.003473 0.001179 0.609539 0.792748 
355.629000 -2.005127 2.838988 -0.017413 -0.001895 -0.000701 0.609492 0.792790 
355.729000 -2.015174 2.810986 -0.017522 -0.000816 -0.000291 0.608994 0.793175 
355.829000 -2.022736 2.789574 -0.018038 -0.002072 0.001101 0.609404 0.792856 
355.929000 -2.022077 2.783823 -0.020073 -0.002862 0.001071 0.609632 0.792679 
356.029000 -2.018350 2.791600 -0.019994 -0.002428 0.001720 0.610059 0.792351 
356.129000 -2.013639 2.804953 -0.020930 -0.002711 0.001905 0.609644 0.792669 
356.229000 -2.010308 2.814768 -0.022488 -0.002678 0.000632 0.609599 0.792705 
356.329000 -2.010749 2.817407 -0.023433 -0.002201 0.000622 0.609276 0.792955 
356.429000 -2.012881 2.814783 -0.019489 -0.002114 -0.000129 0.609366 0.792886 
356.529000 -2.014059 2.808790 -0.018810 -0.002550 -0.000227 0.609219 0.792998 
356.629000 -2.017688 2.803367 -0.017213 -0.001530 0.001232 0.609506 0.792779 
356.730000 -2.010124 2.833684 -0.017414 -0.002620 0.002366 0.609669 0.792648 
356.829000 -1.988585 2.909363 -0.019054 -0.003922 0.002818 0.609383 0.792861 
356.929000 -1.967756 2.979295 -0.022977 -0.003577 0.001570 0.609459 0.792808 
357.029000 -1.954260 3.033908 -0.023222 -0.002268 0.001941 0.608666 0.793421 
357.129000 -1.945527 3.074373 -0.022238 -0.000377 -0.001502 0.608647 0.793440 
357.231000 -1.957178 3.031255 -0.021564 -0.000327 -0.002330 0.608202 0.793779 
357.329000 -1.967528 2.995397 -0.021656 -0.001402 -0.000017 0.608812 0.793313 
357.429000 -1.972629 2.980663 -0.018080 -0.002326 0.002131 0.609282 0.792948 
357.529000 -1.967702 2.991913 -0.019701 -0.002941 0.001926 0.609482 0.792792 
357.629000 -1.960194 3.013783 -0.022106 -0.002725 0.002219 0.609311 0.792924 
357.729000 -1.953576 3.032171 -0.027105 -0.002016 0.000459 0.608989 0.793176 
357.827000 -1.953171 3.037320 -0.024932 -0.001868 0.000284 0.608597 0.793477 
357.929000 -1.956417 3.032181 -0.021347 -0.001342 -0.000115 0.608568 0.793500 
358.029000 -1.960667 3.021735 -0.021009 -0.001129 0.000138 0.608891 0.793253 
358.129000 -1.964378 3.010729 -0.019160 -0.002005 0.001477 0.608888 0.793252 
358.229000 -1.963891 3.007958 -0.020380 -0.002299 0.001078 0.609000 0.793166 
358.329000 -1.961887 3.011620 -0.022252 -0.002781 0.000750 0.543046 0.839698 
358.429000 -1.957689 3.020182 -0.026471 -0.003061 0.002157 0.504383 0.863472 
358.529000 -1.949606 3.030645 -0.025952 -0.002614 -0.000308 0.465810 0.884881 
358.629000 -1.944747 3.034688 -0.022663 -0.002407 0.000182 0.426485 0.904491 
358.729000 -1.945157 3.035311 -0.017886 -0.001129 0.000379 0.385859 0.922557 
358.829000 -1.946528 3.035042 -0.015807 -0.000210 -0.000687 0.342462 0.939531 
358.929000 -1.946742 3.032038 -0.021438 -0.001098 -0.000590 0.299699 0.954033 
359.028000 -1.945137 3.033273 -0.022022 0.001223 -0.001742 0.255141 0.966901 
359.129000 -1.941565 3.032356 -0.020966 -0.000904 0.001003 0.211505 0.977376 
359.229000 -1.936702 3.031160 -0.017997 -0.000699 -0.000345 0.166816 0.985988 
359.330000 -1.930624 3.037156 -0.012361 0.003394 -0.002280 0.120673 0.992684 
359.429000 -1.929826 3.034711 -0.018815 0.000990 -0.001462 0.076516 0.997067 
359.527000 -1.928885 3.036813 -0.017163 0.003099 -0.002620 0.033623 0.999426 
359.629000 -1.928368 3.034518 -0.019828 0.001767 -0.002119 -0.012058 0.999923 
359.728000 -1.929850 3.026392 -0.022850 0.000977 -0.000618 -0.054558 0.998510 
359.828000 -1.928956 3.025476 -0.018370 0.002580 -0.000656 -0.099948 0.994989 
359.928000 -1.924603 3.024533 -0.018242 0.001879 -0.001513 -0.143251 0.989683 
360.029000 -1.920099 3.025379 -0.019270 0.003002 -0.001093 -0.178669 0.983904 
360.128000 -1.920707 3.025762 -0.018033 0.001565 -0.000795 -0.142166 0.989841 
360.228000 -1.922809 3.027847 -0.016017 0.002624 -0.001576 -0.141766 0.989895 
360.328000 -1.923295 3.028458 -0.018400 0.002288 -0.002379 -0.141390 0.989949 
360.429000 -1.927375 3.026942 -0.015147 0.001219 -0.000522 -0.141478 0.989941 
360.528000 -1.928113 3.027221 -0.011783 0.001892 -0.000377 -0.141596 0.989923 
360.629000 -1.924662 3.028853 -0.012338 0.003048 -0.001869 -0.140420 0.990086 
360.728000 -1.913886 3.022147 -0.022206 -0.000103 -0.001240 -0.085200 0.996363 
360.828000 -1.914277 3.021622 -0.025576 0.000883 -0.002700 -0.015657 0.999873 
360.928000 -1.924890 3.026698 -0.021306 0.000985 -0.002612 0.029734 0.999554 
361.028000 -1.938706 3.032777 -0.022588 0.002004 -0.002133 0.074019 0.997253 
361.128000 -1.944531 3.036267 -0.021648 0.002126 -0.001375 0.033483 0.999436 
361.228000 -1.939472 3.038663 -0.015091 0.003360 -0.001122 0.033629 0.999428 
361.328000 -1.929129 3.037391 -0.006085 0.002960 -0.001523 0.033147 0.999445 
361.429000 -1.924199 3.035446 -0.002871 0.003133 0.000195 0.032636 0.999462 
361.528000 -1.923132 3.036086 -0.002151 0.005493 -0.001530 -0.049599 0.998753 
361.628000 -1.924447 3.029524 -0.005947 0.001204 -0.000777 -0.093300 0.995637 
361.728000 -1.925349 3.024339 -0.017414 0.000762 -0.001158 -0.137230 0.990538 
361.828000 -1.927241 3.020308 -0.027683 0.001065 -0.001327 -0.116471 0.993193 
361.928000 -1.927977 3.023185 -0.024531 0.002151 -0.000990 -0.108776 0.994063 
362.029000 -1.923328 3.027966 -0.024606 0.002071 -0.002720 -0.107987 0.994146 
362.128000 -1.921418 3.030339 -0.023613 0.001840 -0.001859 -0.107992 0.994148 
362.228000 -1.923055 3.032977 -0.016845 0.003405 -0.001159 -0.108172 0.994126 
362.328000 -1.925151 3.032313 -0.010626 0.003278 -0.001036 -0.108422 0.994099 
362.429000 -1.854470 3.013425 -0.005312 0.003034 0.001844 -0.107728 0.994174 
362.528000 -1.782635 2.994502 0.003819 0.004027 0.002703 -0.107733 0.994168 
362.627000 -1.719703 2.983861 -0.002010 0.004379 -0.004715 -0.109547 0.993961 
362.727000 -1.672120 2.975284 -0.013422 0.004253 -0.005276 -0.108678 0.994054 
362.828000 -1.642354 2.968822 -0.023536 0.003905 -0.002063 -0.108099 0.994130 
362.928000 -1.610134 2.959668 -0.022399 0.003843 -0.000987 -0.108217 0.994119 
363.029000 -1.567036 2.950089 -0.015479 0.005037 0.000490 -0.107805 0.994159 
363.128000 -1.512359 2.942289 -0.004430 0.006398 -0.000548 -0.108215 0.994107 
363.228000 -1.448724 2.932406 0.004655 0.007746 -0.004623 -0.107758 0.994136 
363.328000 -1.393440 2.920104 0.006688 0.007270 -0.000802 -0.108475 0.994072 
363.428000 -1.349523 2.909451 0.004035 0.006701 0.001352 -0.108541 0.994068 
363.528000 -1.306962 2.899598 0.001214 0.008294 -0.000748 -0.108038 0.994112 
363.628000 -1.262982 2.889475 -0.006360 0.008988 -0.003156 -0.106813 0.994234 
363.728000 -1.215219 2.874320 -0.016450 0.009072 -0.004154 -0.106551 0.994257 
363.831000 -1.169459 2.864237 -0.012478 0.012222 -0.000885 -0.106475 0.994240 
363.928000 -1.122071 2.853977 -0.005479 0.013651 -0.002020 -0.105856 0.994286 
364.028000 -1.078391 2.842069 0.002718 0.012447 0.001294 -0.104375 0.994459 
364.128000 -1.027581 2.829321 0.002367 0.011974 -0.001500 -0.103619 0.994544 
364.228000 -0.973225 2.814767 -0.005022 0.006636 -0.005525 -0.104417 0.994496 
364.328000 -0.925958 2.803323 -0.004083 0.008013 0.000094 -0.103196 0.994629 
364.427000 -0.882688 2.792802 -0.005605 0.006919 0.001334 -0.102387 0.994720 
364.528000 -0.903997 2.798896 -0.008777 0.005897 -0.003899 -0.104989 0.994448 
364.628000 -0.930397 2.804702 -0.011290 0.003949 -0.001220 -0.103458 0.994625 
364.728000 -0.943727 2.809291 -0.009653 0.004643 0.003037 -0.103490 0.994615 
364.828000 -0.937934 2.808418 -0.008952 0.005644 0.002232 -0.102549 0.994709 
364.928000 -0.923577 2.804823 -0.008059 0.004167 0.002382 -0.103994 0.994566 
365.028000 -0.909960 2.802512 -0.005000 0.003496 0.000929 -0.104350 0.994534 
365.129000 -0.902661 2.800598 -0.007619 0.002272 -0.001083 -0.103954 0.994579 
365.228000 -0.904417 2.800501 -0.010628 0.003558 -0.001391 -0.103591 0.994613 
365.328000 -0.911003 2.802521 -0.011643 0.003339 -0.001383 -0.104722 0.994495 
365.428000 -0.917799 2.804363 -0.013019 0.004195 -0.000643 -0.103761 0.994593 
365.528000 -0.921526 2.805157 -0.015423 0.003048 0.000232 -0.104446 0.994526 
365.628000 -0.922393 2.803633 -0.014298 0.002946 0.000952 -0.103706 0.994603 
365.728000 -0.918943 2.802170 -0.006076 0.008512 0.000683 -0.181736 0.983310 
365.828000 -0.910601 2.798677 -0.004907 0.005412 0.000799 -0.230511 0.973054 
365.928000 -0.901146 2.793215 -0.003414 0.005290 -0.001822 -0.272422 0.962162 
366.028000 -0.899913 2.787653 -0.007036 0.004334 0.000102 -0.314626 0.949206 
366.128000 -0.904495 2.785819 -0.010770 0.005763 0.000784 -0.355388 0.934701 
366.228000 -0.910532 2.782903 -0.011695 0.008927 0.000568 -0.394109 0.919020 
366.327000 -0.912375 2.781406 -0.013935 0.004257 0.001187 -0.436909 0.899495 
366.428000 -0.910123 2.778739 -0.018230 0.002594 0.000964 -0.478296 0.878194 
366.528000 -0.906660 2.777169 -0.017425 0.002302 0.001052 -0.517377 0.855754 
366.628000 -0.913379 2.734883 -0.000679 0.035056 0.010754 -0.502998 0.863509 
366.728000 -0.925372 2.659272 0.002640 0.019609 0.004425 -0.496508 0.867800 
366.827000 -0.937314 2.603190 -0.000730 0.011357 0.001675 -0.496864 0.867753 
366.928000 -0.948877 2.566220 -0.017395 -0.000356 -0.001473 -0.499025 0.866586 
367.028000 -0.952300 2.564613 -0.033269 -0.006146 -0.003683 -0.497732 0.867302 
367.128000 -0.949302 2.582281 -0.041574 -0.009943 -0.004387 -0.497889 0.867173 
367.228000 -0.940596 2.610410 -0.041712 -0.005253 -0.003491 -0.497155 0.867639 
367.328000 -0.931559 2.635882 -0.037114 -0.002913 -0.003248 -0.498143 0.867084 
367.428000 -0.926216 2.652826 -0.030022 0.001009 -0.001817 -0.497954 0.867201 
367.528000 -0.926882 2.659650 -0.021097 0.004726 -0.000399 -0.497642 0.867370 
367.629000 -0.931443 2.659422 -0.014672 0.008448 0.001302 -0.497041 0.867685 
367.729000 -0.935363 2.651625 -0.011174 0.008518 0.001307 -0.497081 0.867661 
367.828000 -0.938155 2.639339 -0.013932 0.006020 0.000870 -0.497573 0.867401 
367.928000 -0.940760 2.626983 -0.019276 0.002945 0.000525 -0.497978 0.867185 
368.028000 -0.941252 2.618350 -0.023685 0.000327 -0.000641 -0.497576 0.867420 
368.129000 -0.939080 2.615719 -0.026738 -0.000223 -0.001671 -0.497921 0.867221 
368.228000 -0.936770 2.618631 -0.027473 -0.000593 -0.001746 -0.497536 0.867442 
368.329000 -0.935655 2.623184 -0.029761 -0.000726 -0.001821 -0.498387 0.866952 
368.429000 -0.934969 2.629561 -0.029300 -0.000031 -0.001927 -0.497909 0.867227 
368.528000 -0.935727 2.633456 -0.027493 0.000536 -0.001242 -0.498199 0.867062 
368.629000 -0.937393 2.635683 -0.026896 0.001634 -0.000474 -0.497508 0.867458 
368.729000 -0.937449 2.634676 -0.025004 0.002527 -0.000642 -0.497699 0.867346 
368.828000 -0.936689 2.632015 -0.025205 0.001062 -0.001212 -0.498075 0.867133 
368.928000 -0.936656 2.628173 -0.025289 -0.000085 -0.001394 -0.497692 0.867353 
369.029000 -0.936700 2.626610 -0.023985 0.000725 -0.001308 -0.498159 0.867084 
369.128000 -0.937225 2.625212 -0.023097 -0.000243 -0.001425 -0.497992 0.867181 
369.228000 -0.937738 2.627069 -0.023179 0.001052 -0.000971 -0.497544 0.867438 
369.328000 -0.937879 2.629191 -0.023352 0.001156 -0.000755 -0.497787 0.867298 
369.428000 -0.937272 2.629894 -0.024534 0.000372 -0.001413 -0.498036 0.867155 
369.528000 -0.937457 2.631139 -0.025735 0.001432 -0.000584 -0.497552 0.867433 
369.628000 -0.936966 2.630791 -0.026397 0.001246 -0.000863 -0.497919 0.867222 
369.728000 -0.936710 2.629237 -0.025444 -0.000278 -0.001292 -0.498258 0.867028 
369.830000 -0.936515 2.628793 -0.024470 0.001044 -0.001244 -0.498074 0.867133 
369.928000 -0.936250 2.629161 -0.024338 0.000885 -0.001120 -0.498161 0.867083 
370.028000 -0.936246 2.628132 -0.027128 0.000094 -0.001501 -0.498100 0.867118 
370.129000 -0.935859 2.630931 -0.024826 0.001656 -0.001125 -0.497751 0.867318 
370.228000 -0.936484 2.631626 -0.024989 0.001782 -0.000542 -0.497986 0.867183 
370.327000 -0.936350 2.629775 -0.025704 0.001082 -0.001645 -0.497973 0.867190 
370.428000 -0.936544 2.629786 -0.024597 0.001464 -0.001139 -0.497735 0.867327 
370.528000 -0.937390 2.630328 -0.024508 0.001344 -0.000650 -0.497656 0.867373 
370.628000 -0.937571 2.631673 -0.023002 0.001986 -0.000602 -0.497789 0.867296 
370.728000 -0.936613 2.632202 -0.022083 0.002470 -0.001001 -0.497890 0.867236 
370.828000 -0.935941 2.630249 -0.022644 0.000433 -0.001375 -0.497999 0.867177 
370.931000 -0.936105 2.629379 -0.024454 0.001431 -0.001176 -0.497952 0.867203 
371.028000 -0.935099 2.631212 -0.024301 0.003599 -0.001067 -0.497215 0.867619 
371.128000 -0.936352 2.631274 -0.024863 0.001756 -0.000528 -0.498101 0.867117 
371.228000 -0.937757 2.632107 -0.023268 0.002033 -0.000519 -0.497894 0.867236 
371.328000 -0.938312 2.630934 -0.023293 0.001356 -0.000633 -0.497767 0.867310 
371.428000 -0.938638 2.629832 -0.023073 0.000474 -0.000619 -0.497573 0.867422 
371.528000 -0.937527 2.630451 -0.021880 0.001452 -0.000641 -0.497397 0.867521 
371.628000 -0.937985 2.629707 -0.024383 0.001197 0.000020 -0.497805 0.867288 
371.728000 -0.937460 2.628852 -0.026492 0.000745 -0.001196 -0.497732 0.867330 
371.828000 -0.936352 2.629532 -0.026752 0.000694 -0.000961 -0.498096 0.867121 
371.928000 -0.936405 2.628724 -0.027438 0.000295 -0.001324 -0.498176 0.867075 
372.028000 -0.936492 2.627220 -0.027803 -0.000205 -0.001682 -0.498369 0.866963 
372.128000 -0.936853 2.627119 -0.027090 0.000197 -0.001701 -0.498268 0.867021 
372.228000 -0.937390 2.627987 -0.026425 0.000424 -0.001176 -0.497549 0.867435 
372.328000 -0.937796 2.629882 -0.026083 0.001025 -0.000774 -0.497839 0.867269 
372.428000 -0.937752 2.629755 -0.025393 0.000002 -0.001251 -0.497844 0.867266 
372.528000 -0.937158 2.629675 -0.024282 -0.000098 -0.001163 -0.498223 0.867048 
372.628000 -0.937143 2.631327 -0.022634 0.002189 -0.000290 -0.497585 0.867412 
372.728000 -0.936234 2.632113 -0.023002 0.001727 -0.000922 -0.497935 0.867212 
372.828000 -0.935861 2.630785 -0.023215 0.001730 -0.000967 -0.497574 0.867419 
372.929000 -0.936361 2.630249 -0.023999 0.001484 -0.000718 -0.497797 0.867292 
373.029000 -0.937044 2.628503 -0.024858 -0.000217 -0.001502 -0.497997 0.867178 
373.131000 -0.937596 2.629416 -0.024204 0.001468 -0.000850 -0.498033 0.867156 
373.229000 -0.938003 2.631527 -0.024059 0.002161 -0.000201 -0.497623 0.867391 
373.329000 -0.937676 2.630990 -0.025238 0.000895 -0.000867 -0.498034 0.867156 
373.430000 -0.937221 2.629566 -0.024872 -0.000036 -0.001049 -0.497964 0.867197 
373.529000 -0.937041 2.628041 -0.025145 0.000200 -0.001225 -0.497788 0.867298 
373.629000 -0.936430 2.628858 -0.023829 0.001756 -0.000843 -0.497586 0.867412 
373.730000 -0.936393 2.629577 -0.024021 0.001589 -0.000958 -0.497667 0.867366 
373.830000 -0.935496 2.631156 -0.023288 0.001779 -0.001342 -0.497945 0.867206 
373.930000 -0.935530 2.631971 -0.023443 0.001495 -0.000943 -0.497827 0.867275 
374.031000 -0.935457 2.632559 -0.022650 0.002757 -0.001113 -0.497571 0.867418 
374.129000 -0.936122 2.631012 -0.023356 0.001828 -0.001066 -0.498372 0.866961 
374.230000 -0.938318 2.630627 -0.023713 0.001396 -0.000393 -0.497541 0.867439 
374.329000 -0.938678 2.630858 -0.024467 0.001720 -0.000653 -0.497176 0.867648 
374.429000 -0.938004 2.630663 -0.023765 0.001191 -0.000490 -0.497505 0.867460 
374.529000 -0.937267 2.629986 -0.022802 0.001748 -0.000619 -0.497523 0.867449 
374.629000 -0.937260 2.629553 -0.023471 0.001393 -0.000427 -0.498020 0.867164 
374.729000 -0.936679 2.630984 -0.022527 0.001962 -0.000756 -0.497699 0.867347 
374.829000 -0.936208 2.631615 -0.023780 0.001588 -0.000671 -0.497371 0.867536 
374.932000 -0.937015 2.631088 -0.024726 0.001841 -0.000508 -0.497511 0.867456 
375.030000 -0.937051 2.629617 -0.026458 0.001376 -0.001031 -0.497722 0.867335 
375.131000 -0.936397 2.629903 -0.025758 0.002048 -0.000980 -0.497764 0.867309 
375.230000 -0.937113 2.631539 -0.023253 0.002157 -0.000200 -0.497592 0.867408 
375.330000 -0.938142 2.629640 -0.024855 0.000438 -0.000794 -0.498053 0.867146 
375.430000 -0.938062 2.627212 -0.024871 0.000276 -0.001330 -0.497739 0.867326 
375.530000 -0.937621 2.627364 -0.025954 0.000265 -0.001176 -0.497689 0.867354 
375.630000 -0.937388 2.628256 -0.027176 0.000343 -0.001116 -0.498011 0.867170 
375.731000 -0.937073 2.629653 -0.025462 0.000929 -0.001078 -0.497822 0.867278 
375.833000 -0.936309 2.630275 -0.025393 0.000603 -0.001081 -0.497919 0.867223 
375.930000 -0.936446 2.630479 -0.024705 0.000967 -0.001022 -0.497945 0.867207 
376.030000 -0.935182 2.631369 -0.024213 0.001827 -0.001225 -0.497798 0.867290 
376.130000 -0.935127 2.632287 -0.022990 0.002292 -0.001117 -0.497761 0.867311 
376.230000 -0.937008 2.632897 -0.024037 0.002627 0.000058 -0.497462 0.867482 
376.330000 -0.937720 2.630849 -0.026008 0.000868 -0.001158 -0.498082 0.867129 
376.430000 -0.937141 2.629741 -0.025871 0.000636 -0.001357 -0.498219 0.867050 
376.531000 -0.937046 2.629235 -0.027102 0.001298 -0.000943 -0.497732 0.867329 
376.631000 -0.937033 2.630376 -0.025802 0.002170 -0.000424 -0.497596 0.867406 
376.730000 -0.936454 2.630378 -0.026549 0.000964 -0.000767 -0.497883 0.867244 
376.830000 -0.935480 2.630702 -0.024077 0.001556 -0.001504 -0.497640 0.867381 
376.929000 -0.935156 2.630877 -0.022784 0.001540 -0.001061 -0.498043 0.867150 
377.029000 -0.935765 2.631119 -0.022574 0.001915 -0.001220 -0.497669 0.867364 
377.129000 -0.936446 2.631682 -0.021685 0.002944 -0.000635 -0.497731 0.867326 
377.230000 -0.938457 2.632639 -0.022438 0.001817 0.000003 -0.497583 0.867414 
377.329000 -0.938231 2.632348 -0.022197 0.002344 -0.000643 -0.497848 0.867261 
377.431000 -0.937792 2.631171 -0.023418 0.001325 -0.000670 -0.498189 0.867067 
377.529000 -0.937825 2.630140 -0.024139 0.000708 -0.000549 -0.497782 0.867302 
377.629000 -0.936799 2.631065 -0.024120 0.002658 -0.000500 -0.496940 0.867781 
377.729000 -0.934622 2.632253 -0.022972 0.002963 -0.001080 -0.497463 0.867479 
377.828000 -0.935400 2.630436 -0.022873 0.001038 -0.000772 -0.497763 0.867312 
377.929000 -0.937065 2.629589 -0.023994 0.000762 -0.000926 -0.498445 0.866921 
378.029000 -0.937631 2.629275 -0.024591 0.000904 -0.001267 -0.497301 0.867577 
378.130000 -0.937440 2.629503 -0.025913 0.001523 -0.000880 -0.497566 0.867424 
378.229000 -0.937960 2.630080 -0.024223 0.001603 -0.000384 -0.497304 0.867575 
378.329000 -0.938005 2.630134 -0.024701 0.001339 -0.000480 -0.497741 0.867324 
378.429000 -0.936969 2.630472 -0.024222 0.001226 -0.000918 -0.497570 0.867422 
378.529000 -0.936526 2.630990 -0.023687 0.000786 -0.000828 -0.498156 0.867087 
378.629000 -0.937403 2.630443 -0.025555 0.001290 -0.000468 -0.497599 0.867406 
378.729000 -0.937450 2.628283 -0.027715 0.000878 -0.001151 -0.498129 0.867102 
378.829000 -0.937029 2.628332 -0.027865 0.000061 -0.001447 -0.497910 0.867227 
378.929000 -0.936561 2.627489 -0.027669 -0.000433 -0.001724 -0.497883 0.867243 
379.029000 -0.936264 2.628570 -0.024530 0.000715 -0.001287 -0.497881 0.867244 
379.129000 -0.935796 2.629103 -0.023386 0.000869 -0.001440 -0.497930 0.867215 
379.229000 -0.936657 2.630545 -0.022952 0.001609 -0.000732 -0.497751 0.867318 
379.328000 -0.937079 2.632171 -0.022411 0.001881 -0.000644 -0.497810 0.867284 
379.429000 -0.937080 2.632097 -0.023606 0.001240 -0.001005 -0.497945 0.867207 
379.529000 -0.937919 2.631734 -0.024642 0.001746 -0.000313 -0.497630 0.867388 
379.629000 -0.937263 2.631573 -0.026056 0.002116 -0.000631 -0.497763 0.867310 
379.729000 -0.936621 2.629652 -0.025995 0.000026 -0.001195 -0.498204 0.867059 
379.830000 -0.936353 2.628410 -0.025368 0.001053 -0.001260 -0.498072 0.867134 
379.930000 -0.936053 2.628884 -0.025023 0.001064 -0.001161 -0.498051 0.867146 
380.029000 -0.936357 2.628589 -0.026234 0.000321 -0.001305 -0.498143 0.867094 
380.128000 -0.936279 2.631134 -0.023394 0.001495 -0.001005 -0.497723 0.867334 
380.229000 -0.936920 2.631722 -0.023944 0.001770 -0.000382 -0.497964 0.867196 
380.329000 -0.936450 2.629905 -0.024754 0.001196 -0.001516 -0.497927 0.867217 
380.429000 -0.936063 2.630222 -0.024364 0.001915 -0.001033 -0.497621 0.867392 
380.529000 -0.936823 2.631215 -0.023733 0.001748 -0.000595 -0.497803 0.867288 
380.629000 -0.937225 2.631942 -0.022815 0.001976 -0.000553 -0.497778 0.867302 
380.729000 -0.936935 2.632505 -0.021751 0.002552 -0.000783 -0.497817 0.867278 
380.829000 -0.936429 2.630237 -0.022353 0.000484 -0.001293 -0.497988 0.867183 
380.929000 -0.936527 2.629297 -0.023705 0.001442 -0.001029 -0.497972 0.867192 
381.029000 -0.935208 2.630634 -0.023933 0.003439 -0.001093 -0.497274 0.867586 
381.131000 -0.936260 2.629919 -0.025951 0.001079 -0.000663 -0.498046 0.867150 
381.231000 -0.937660 2.631225 -0.024487 0.001823 -0.000644 -0.497839 0.867267 
381.330000 -0.938156 2.630662 -0.024045 0.001212 -0.000731 -0.497788 0.867298 
381.430000 -0.938095 2.630884 -0.022993 0.001006 -0.000581 -0.497356 0.867546 
381.530000 -0.937063 2.631866 -0.021572 0.001717 -0.000531 -0.497368 0.867538 
381.630000 -0.937658 2.630748 -0.023426 0.001451 -0.000029 -0.497990 0.867182 
381.730000 -0.937249 2.630349 -0.025700 0.001117 -0.001012 -0.497655 0.867374 
381.830000 -0.936192 2.630890 -0.026210 0.001359 -0.000828 -0.498004 0.867174 
381.930000 -0.936292 2.629603 -0.026924 0.000801 -0.001166 -0.498151 0.867089 
382.031000 -0.936511 2.627261 -0.027539 -0.000071 -0.001619 -0.498422 0.866933 
382.131000 -0.936844 2.626825 -0.027057 0.000297 -0.001665 -0.498308 0.866998 
382.230000 -0.937446 2.626813 -0.026561 -0.000043 -0.001377 -0.497653 0.867375 
382.330000 -0.937971 2.628553 -0.026084 0.000565 -0.000929 -0.497846 0.867265 
382.430000 -0.938151 2.629032 -0.025232 -0.000157 -0.001248 -0.497819 0.867280 
382.531000 -0.937326 2.629200 -0.024078 -0.000127 -0.001269 -0.498147 0.867092 
382.630000 -0.936918 2.631674 -0.022147 0.002109 -0.000298 -0.497599 0.867405 
382.731000 -0.935869 2.632637 -0.023029 0.001606 -0.000953 -0.497958 0.867199 
382.831000 -0.935661 2.631466 -0.023230 0.001762 -0.000930 -0.497612 0.867397 
382.931000 -0.936364 2.630696 -0.023999 0.001471 -0.000695 -0.497842 0.867266 
383.031000 -0.937076 2.628290 -0.025532 -0.000484 -0.001615 -0.497966 0.867195 
383.130000 -0.937610 2.629075 -0.024818 0.001349 -0.000865 -0.497929 0.867216 
383.230000 -0.937947 2.630340 -0.025606 0.001876 -0.000416 -0.497706 0.867343 
383.330000 -0.937474 2.630835 -0.026236 0.001010 -0.000840 -0.498002 0.867175 
383.431000 -0.936867 2.628945 -0.026372 -0.000648 -0.001341 -0.498008 0.867171 
383.530000 -0.936724 2.627072 -0.026662 -0.000190 -0.001541 -0.497800 0.867290 
383.629000 -0.936027 2.627730 -0.025590 0.001215 -0.001248 -0.497822 0.867278 
383.730000 -0.936191 2.628706 -0.024941 0.001344 -0.001199 -0.497709 0.867342 
383.830000 -0.935469 2.630859 -0.023384 0.001494 -0.001526 -0.497980 0.867186 
383.931000 -0.935597 2.632071 -0.023194 0.001346 -0.000965 -0.497964 0.867196 
384.030000 -0.935570 2.632954 -0.023163 0.002668 -0.001101 -0.497592 0.867406 
384.130000 -0.936013 2.631468 -0.024068 0.001816 -0.001119 -0.498413 0.866937 
384.230000 -0.938041 2.630779 -0.024591 0.001365 -0.000496 -0.497565 0.867425 
384.330000 -0.938180 2.631336 -0.024799 0.002162 -0.000646 -0.497204 0.867631 
384.430000 -0.937765 2.630895 -0.023516 0.000990 -0.000530 -0.497584 0.867415 
384.530000 -0.937238 2.629857 -0.022383 0.001645 -0.000665 -0.497543 0.867438 
384.630000 -0.937441 2.629494 -0.023210 0.001365 -0.000449 -0.497980 0.867187 
384.730000 -0.937101 2.630612 -0.022162 0.001684 -0.000710 -0.497694 0.867351 
384.831000 -0.936667 2.630859 -0.023747 0.001181 -0.000705 -0.497411 0.867514 
384.930000 -0.937148 2.630760 -0.024303 0.001713 -0.000526 -0.497366 0.867539 
385.030000 -0.937191 2.629500 -0.025788 0.001089 -0.000910 -0.497728 0.867332 
385.133000 -0.936383 2.630173 -0.025220 0.002180 -0.000868 -0.497829 0.867272 
385.231000 -0.936881 2.631655 -0.023443 0.002054 -0.000202 -0.497596 0.867406 
385.330000 -0.937870 2.629894 -0.025194 0.000475 -0.000792 -0.498064 0.867140 
385.430000 -0.937814 2.627161 -0.025601 0.000198 -0.001413 -0.497726 0.867333 
385.530000 -0.941105 2.625619 -0.022163 -0.004149 -0.001700 -0.432613 0.901568 
385.630000 -0.941643 2.633276 -0.024391 -0.005732 -0.001484 -0.387695 0.921769 
385.730000 -0.943944 2.639010 -0.024226 -0.002769 -0.000088 -0.345059 0.938577 
385.830000 -0.943850 2.643672 -0.026161 -0.003311 -0.001286 -0.304119 0.952627 
385.931000 -0.945540 2.646205 -0.026700 -0.001788 -0.000262 -0.259157 0.965833 
386.030000 -0.937029 2.670823 -0.026857 -0.015639 -0.001217 -0.275862 0.961069 
386.131000 -0.925716 2.698044 -0.028461 -0.013568 -0.001867 -0.278297 0.960397 
386.230000 -0.916980 2.730040 -0.023603 -0.004834 -0.001493 -0.276721 0.960937 
386.330000 -0.903673 2.800375 -0.016901 -0.002853 -0.000492 -0.288331 0.957526 
386.432000 -0.894987 2.848369 -0.009059 0.002615 -0.000580 -0.290872 0.956758 
386.531000 -0.892418 2.861609 -0.000408 0.008388 -0.000812 -0.292867 0.956116 
386.631000 -0.898658 2.845221 0.003509 0.010549 0.001147 -0.293172 0.956001 
386.731000 -0.907457 2.815250 0.002227 0.010097 0.001680 -0.291875 0.956402 
386.831000 -0.914210 2.787925 0.001246 0.007910 0.000992 -0.290802 0.956750 
386.931000 -0.919367 2.771257 -0.004446 0.001900 0.001831 -0.289655 0.957127 
387.032000 -0.917822 2.770863 -0.011135 0.001580 0.000735 -0.288761 0.957400 
387.132000 -0.912647 2.779683 -0.015358 0.002799 0.000315 -0.287925 0.957649 
387.231000 -0.906823 2.792168 -0.014544 0.003082 -0.000244 -0.289413 0.957199 
387.331000 -0.904743 2.800772 -0.013204 0.002548 0.000437 -0.290466 0.956882 
387.431000 -0.905175 2.805798 -0.012403 0.005282 0.000572 -0.290022 0.957005 
387.531000 -0.918868 2.758019 0.000231 0.027875 -0.001319 -0.225106 0.973935 
387.633000 -0.936413 2.690772 0.005335 0.023875 -0.001341 -0.169998 0.985154 
387.731000 -0.959228 2.607478 -0.007017 -0.006266 0.001763 -0.132736 0.991130 
387.832000 -0.974506 2.560222 -0.018239 -0.010400 0.002178 -0.083518 0.996450 
387.932000 -0.977573 2.547492 -0.034519 -0.017897 0.003117 -0.038483 0.999094 
388.033000 -0.975272 2.562149 -0.046990 -0.023859 0.006057 0.007019 0.999672 
388.132000 -0.967572 2.578828 -0.063108 -0.042584 0.008899 0.002503 0.999050 
388.233000 -0.957697 2.609147 -0.075064 -0.042786 0.009089 -0.006772 0.999020 
388.332000 -0.944954 2.655425 -0.072624 -0.035015 0.006274 -0.005198 0.999354 
388.431000 -0.923176 2.738525 -0.049456 -0.011443 0.000228 0.001897 0.999933 
388.531000 -0.902955 2.834832 -0.024637 -0.008362 0.000903 -0.014275 0.999863 
388.631000 -0.892552 2.895838 0.005969 0.010511 -0.004091 -0.015374 0.999818 
388.731000 -0.896202 2.904392 0.027599 0.020066 -0.004752 -0.015455 0.999668 
388.831000 -0.907640 2.875050 0.033275 0.018688 -0.003190 -0.017826 0.999661 
388.931000 -0.862713 2.822418 0.026967 0.010428 0.005280 -0.015831 0.999806 
389.032000 -0.800061 2.780638 0.020157 0.008703 0.005018 -0.014903 0.999838 
389.132000 -0.731071 2.757219 -0.003596 -0.003036 0.001506 -0.014263 0.999893 
389.231000 -0.665167 2.752402 -0.031944 -0.006499 -0.004804 -0.013351 0.999878 
389.332000 -0.617573 2.772033 -0.041694 -0.003564 -0.000298 -0.014654 0.999886 
389.431000 -0.576699 2.790829 -0.039708 -0.002016 -0.000283 -0.014063 0.999899 
389.531000 -0.534732 2.804899 -0.032156 -0.000972 0.001149 -0.016764 0.999858 
389.632000 -0.487197 2.807960 -0.019945 0.002817 -0.000647 -0.016915 0.999853 
389.732000 -0.432527 2.799349 -0.013565 0.002713 -0.003717 -0.015553 0.999868 
389.831000 -0.387095 2.789837 -0.007033 0.000557 0.002557 -0.017309 0.999847 
389.932000 -0.398378 2.786291 -0.004401 0.001025 -0.001861 -0.022337 0.999748 
390.031000 -0.420535 2.785571 -0.011317 -0.003018 -0.000541 -0.020369 0.999788 
390.130000 -0.438914 2.788137 -0.018709 -0.002051 0.001468 -0.017936 0.999836 
390.232000 -0.455482 2.788723 -0.012004 0.006898 0.004348 -0.096280 0.995321 
390.331000 -0.451846 2.782513 -0.011300 -0.000069 0.004895 -0.142782 0.989742 
390.431000 -0.430522 2.774395 -0.017427 -0.002331 0.002471 -0.186398 0.982469 
390.531000 -0.412783 2.775560 -0.017894 -0.000155 0.001930 -0.197111 0.980379 
390.631000 -0.402897 2.779113 -0.018542 -0.002848 -0.000151 -0.176667 0.984266 
390.733000 -0.402115 2.784858 -0.019164 -0.001684 -0.001606 -0.177133 0.984184 
390.831000 -0.410089 2.791385 -0.020161 -0.001283 -0.000768 -0.176834 0.984240 
390.931000 -0.422458 2.791604 -0.019957 -0.001194 0.000814 -0.175891 0.984409 
391.031000 -0.372798 2.769829 -0.015113 -0.001513 0.005901 -0.176287 0.984320 
391.131000 -0.306032 2.741424 -0.013619 -0.002284 0.004463 -0.176021 0.984374 
391.231000 -0.231638 2.711860 -0.017565 -0.005105 -0.001256 -0.178536 0.983919 
391.333000 -0.173833 2.688381 -0.019652 -0.005525 0.001422 -0.181755 0.983327 
391.430000 -0.135825 2.674217 -0.021278 -0.006200 0.001606 -0.182041 0.983270 
391.531000 -0.100337 2.663293 -0.022698 -0.002447 0.002037 -0.181913 0.983309 
391.631000 -0.114713 2.666220 -0.024117 -0.002900 -0.004586 -0.188111 0.982133 
391.731000 -0.139643 2.670871 -0.025232 -0.005263 -0.001922 -0.183502 0.983003 
391.831000 -0.155150 2.675372 -0.025922 -0.005507 0.000170 -0.183030 0.983092 
391.931000 -0.161080 2.678149 -0.025491 -0.005209 0.001947 -0.182202 0.983245 
392.031000 -0.155033 2.678170 -0.023008 -0.006097 0.002595 -0.182575 0.983170 
392.132000 -0.144701 2.680953 -0.020276 -0.003564 0.001924 -0.179603 0.983731 
392.231000 -0.134870 2.684499 -0.017569 -0.002175 0.000901 -0.180482 0.983575 
392.331000 -0.130756 2.687931 -0.015888 -0.002124 0.000593 -0.180428 0.983586 
392.431000 -0.131873 2.689250 -0.015046 -0.001377 0.000416 -0.180758 0.983527 
392.531000 -0.136627 2.688661 -0.014699 -0.000402 0.000496 -0.180168 0.983636 
392.632000 -0.141578 2.686575 -0.011578 0.001367 0.000132 -0.179303 0.983793 
392.731000 -0.147462 2.684079 -0.012177 -0.000675 0.001696 -0.178582 0.983923 
392.831000 -0.149908 2.683370 -0.011881 -0.000481 0.002229 -0.178359 0.983963 
392.931000 -0.201419 2.696083 -0.019604 -0.004459 -0.002943 -0.187105 0.982325 
393.031000 -0.259262 2.712159 -0.029607 -0.007891 -0.004054 -0.184656 0.982763 
393.131000 -0.324686 2.735081 -0.030273 -0.008763 0.002618 -0.180420 0.983547 
393.231000 -0.388214 2.762303 -0.026826 -0.007720 0.006355 -0.181112 0.983412 
393.331000 -0.429193 2.787738 -0.023876 -0.005770 0.001139 -0.176058 0.984362 
393.431000 -0.464165 2.808976 -0.019751 -0.001671 0.000953 -0.175523 0.984474 
393.531000 -0.495943 2.821892 -0.017441 0.000066 -0.001337 -0.174622 0.984635 
393.631000 -0.537574 2.835555 -0.012815 0.000243 0.000488 -0.177051 0.984201 
393.731000 -0.594276 2.849246 -0.004343 0.002823 0.002625 -0.174423 0.984663 
393.831000 -0.646652 2.861228 -0.009061 0.000950 -0.000270 -0.175356 0.984505 
393.931000 -0.697082 2.874373 -0.016895 -0.001848 0.000184 -0.175243 0.984523 
394.031000 -0.736507 2.887880 -0.024904 -0.000835 -0.002871 -0.173419 0.984844 
394.132000 -0.784742 2.905242 -0.020279 0.002046 0.001947 -0.171875 0.985115 
394.231000 -0.836712 2.924559 -0.009349 0.006389 0.004707 -0.171660 0.985124 
394.331000 -0.882489 2.943227 -0.003491 0.006912 -0.000568 -0.172544 0.984977 
394.431000 -0.926633 2.959945 0.002376 0.007643 -0.000443 -0.172876 0.984914 
394.530000 -0.965826 2.973317 0.004357 0.012065 -0.003515 -0.171150 0.985165 
394.630000 -1.012248 2.992007 0.009387 0.013594 -0.000191 -0.172989 0.984830 
394.730000 -1.064478 3.013355 0.017107 0.017293 0.001288 -0.172297 0.984892 
394.830000 -1.113841 3.031233 0.017091 0.017086 -0.000096 -0.173205 0.984738 
394.930000 -1.159537 3.044343 0.017989 0.019636 -0.002520 -0.171851 0.984924 
395.030000 -1.201952 3.051728 0.010120 0.017253 -0.002809 -0.171614 0.985009 
395.130000 -1.249560 3.064702 0.008564 0.016378 0.000914 -0.172125 0.984938 
395.230000 -1.294437 3.086706 0.006204 0.011742 0.000885 -0.175757 0.984363 
395.330000 -1.334851 3.108325 -0.000339 0.008852 -0.000454 -0.175850 0.984377 
395.430000 -1.343123 3.120407 -0.003356 0.009013 -0.000088 -0.177206 0.984133 
395.530000 -1.314443 3.112357 -0.002859 0.008210 0.002007 -0.176968 0.984180 
395.630000 -1.294752 3.104240 -0.001028 0.008131 -0.002312 -0.177551 0.984075 
395.730000 -1.292661 3.103039 -0.004483 0.009224 -0.003567 -0.177678 0.984039 
395.830000 -1.306703 3.108109 -0.005151 0.009405 -0.002388 -0.177950 0.983992 
395.931000 -1.325498 3.111284 -0.004185 0.008178 -0.001319 -0.177402 0.984104 
396.030000 -1.335523 3.112379 -0.003710 0.008096 -0.000032 -0.176749 0.984223 
396.130000 -1.334342 3.113349 -0.001415 0.009084 0.000801 -0.177031 0.984163 
396.229000 -1.326594 3.110007 0.001605 0.007987 0.001054 -0.177248 0.984133 
396.329000 -1.315614 3.108903 0.003045 0.009660 -0.000401 -0.177750 0.984028 
396.429000 -1.312401 3.106921 0.002904 0.007240 0.000656 -0.177587 0.984078 
396.529000 -1.245813 3.081398 0.009012 0.011441 0.003591 -0.176346 0.984255 
396.630000 -1.175620 3.054643 0.005367 0.012375 -0.004866 -0.173934 0.984667 
396.730000 -1.123200 3.029476 0.000281 0.015831 -0.006240 -0.172517 0.984860 
396.830000 -1.091722 3.016290 0.006714 0.015834 -0.001360 -0.173879 0.984639 
396.930000 -1.063399 3.004921 0.013924 0.019821 -0.001148 -0.171675 0.984954 
397.030000 -1.030002 2.993877 0.017968 0.018515 0.001376 -0.172118 0.984901 
397.130000 -0.985042 2.976890 0.014363 0.014251 0.002211 -0.171782 0.985029 
397.230000 -0.926533 2.955775 0.006872 0.014060 -0.002733 -0.171481 0.985083 
397.330000 -0.894735 2.942657 0.000950 0.009294 0.000851 -0.172620 0.984944 
397.430000 -0.917022 2.952711 -0.006344 0.009262 -0.002448 -0.174604 0.984592 
397.531000 -0.935107 2.960971 -0.011275 0.010393 -0.002842 -0.172304 0.984985 
397.631000 -0.944059 2.965604 -0.006900 0.010541 0.001135 -0.172042 0.985033 
397.731000 -0.941343 2.964377 -0.001946 0.009679 0.001943 -0.171819 0.985079 
397.831000 -0.931932 2.959210 0.001269 0.010852 0.001552 -0.172101 0.985018 
397.931000 -0.919460 2.954665 0.006220 0.011624 -0.000987 -0.172578 0.984927 
398.031000 -0.912959 2.955351 0.007970 0.010992 -0.000966 -0.173664 0.984743 
398.130000 -0.917864 2.957448 0.014788 0.016575 0.001400 -0.246026 0.969120 
398.230000 -0.927883 2.947790 0.017944 0.018535 0.001498 -0.290647 0.956650 
398.331000 -0.930081 2.941100 0.014084 0.013317 0.002304 -0.335442 0.941964 
398.430000 -0.929658 2.935973 -0.001237 0.008109 0.002896 -0.378226 0.925673 
398.530000 -0.922319 2.929349 -0.010109 0.010908 0.000637 -0.414938 0.909784 
398.630000 -0.924540 2.918515 -0.006131 0.014630 0.004385 -0.451667 0.892056 
398.730000 -0.931961 2.897424 -0.006739 0.012502 0.004219 -0.490740 0.871206 
398.830000 -0.943616 2.846043 -0.016731 0.003866 0.000106 -0.527176 0.849748 
398.930000 -0.953750 2.776183 -0.038230 -0.010250 -0.005155 -0.573323 0.819249 
399.030000 -0.955993 2.730084 -0.039848 0.000663 -0.001292 -0.614035 0.789278 
399.130000 -0.958021 2.705258 -0.038521 -0.005582 -0.004532 -0.646397 0.762967 
399.231000 -0.956059 2.702393 -0.044213 -0.015970 -0.012357 -0.684015 0.729189 
399.330000 -0.952094 2.718416 -0.042171 -0.011238 -0.010532 -0.712371 0.701634 
399.429000 -0.947796 2.744778 -0.041251 -0.009645 -0.010923 -0.744351 0.667630 
399.530000 -0.944895 2.771314 -0.034968 -0.004598 -0.007187 -0.773719 0.633471 
399.629000 -0.947612 2.791071 -0.022232 -0.001446 -0.002210 -0.797723 0.603019 
399.730000 -0.955010 2.798566 -0.013707 -0.003480 -0.002503 -0.822154 0.569248 
399.830000 -0.958554 2.788436 -0.022197 -0.008238 -0.009067 -0.843357 0.537214 
399.930000 -0.956774 2.799987 -0.027895 -0.005633 -0.008589 -0.864736 0.502122 
400.030000 -0.954665 2.817482 -0.029047 0.000522 0.004735 0.882228 -0.470798 
400.131000 -0.954666 2.843051 -0.017049 -0.002120 -0.003988 0.903283 -0.429022 
400.230000 -0.953099 2.872664 -0.001703 -0.004791 -0.008610 0.921887 -0.387334 
400.330000 -0.942581 2.904194 0.011325 -0.008819 -0.013340 0.939185 -0.343040 
400.430000 -0.932180 2.935645 0.014108 -0.005685 -0.012659 0.956466 -0.291515 
400.531000 -0.926790 2.951241 0.017098 -0.007648 -0.015384 0.969563 -0.244238 
400.630000 -0.930338 2.948087 0.019330 -0.008138 -0.019770 0.979142 -0.202047 
400.730000 -0.940404 2.927067 0.016496 -0.007339 -0.021070 0.987156 -0.158196 
400.830000 -0.948748 2.908668 0.008961 -0.004514 -0.015667 0.993737 -0.110547 
400.930000 -0.954705 2.895484 0.001958 -0.004356 -0.014288 0.997525 -0.068712 
401.030000 -0.958937 2.882069 -0.003624 -0.003960 -0.014288 0.999530 -0.026822 
401.130000 -0.966831 2.866380 0.001313 -0.003056 -0.016583 0.999782 0.012320 
401.230000 -0.974241 2.857524 0.001330 -0.001760 -0.013314 0.998418 0.054608 
401.330000 -0.985880 2.791421 -0.007011 0.000205 -0.010612 0.999367 0.033958 
401.430000 -0.990719 2.731481 -0.018176 0.001145 -0.001065 0.999407 0.034408 
401.530000 -0.989994 2.705128 -0.027079 0.001097 0.004077 0.999455 0.032736 
401.630000 -0.986491 2.698109 -0.039865 0.000670 0.013513 0.999329 0.034038 
401.730000 -0.984241 2.710556 -0.048501 0.000413 0.016363 0.999330 0.032729 
401.831000 -0.982950 2.735816 -0.048752 0.000367 0.013123 0.999365 0.033130 
401.931000 -0.980820 2.761335 -0.044407 0.000566 0.010073 0.999376 0.033856 
402.030000 -0.979297 2.777888 -0.034800 -0.000038 0.007472 0.999398 0.033868 
402.130000 -0.979377 2.783818 -0.021902 0.000390 0.002611 0.999427 0.033746 
402.230000 -0.977753 2.782669 -0.012948 -0.000893 -0.000618 0.999428 0.033813 
402.330000 -0.978806 2.773427 -0.012393 0.000218 0.002363 0.999393 0.034758 
402.431000 -0.983353 2.761720 -0.016585 0.001499 0.003602 0.999438 0.033286 
402.530000 -0.985167 2.757286 -0.020742 0.000622 0.002727 0.999430 0.033637 
402.630000 -0.985452 2.752330 -0.027705 0.000643 0.005477 0.999386 0.034607 
402.730000 -0.984834 2.750839 -0.031965 0.001179 0.007578 0.999382 0.034309 
402.830000 -0.982603 2.754241 -0.031100 0.000524 0.006165 0.999453 0.032497 
402.931000 -0.980181 2.758427 -0.030077 0.000521 0.007032 0.999385 0.034343 
403.033000 -0.980236 2.760988 -0.028068 0.000753 0.006504 0.999423 0.033329 
403.130000 -0.980893 2.763609 -0.026828 0.000509 0.004447 0.999445 0.033001 
403.230000 -0.981772 2.766147 -0.024593 0.000703 0.003728 0.999410 0.034128 
403.330000 -0.982949 2.764735 -0.022355 0.000712 0.004733 0.999423 0.033623 
403.431000 -0.984448 2.761532 -0.023843 0.001806 0.005841 0.999420 0.033487 
403.530000 -0.984354 2.758461 -0.027445 0.000799 0.005692 0.999414 0.033732 
403.630000 -0.982814 2.759306 -0.027080 0.000632 0.005113 0.999397 0.034341 
403.731000 -0.981940 2.760174 -0.025472 0.000647 0.005311 0.999421 0.033596 
403.831000 -0.981160 2.760202 -0.024221 0.000302 0.005230 0.999422 0.033584 
403.930000 -0.981361 2.759454 -0.026731 0.000778 0.006101 0.999391 0.034340 
404.031000 -0.981926 2.759204 -0.027215 0.000693 0.006413 0.999394 0.034215 
404.132000 -0.981245 2.761824 -0.025833 -0.000010 0.004722 0.999402 0.034265 
404.233000 -0.980554 2.764335 -0.026499 0.000008 0.003964 0.999404 0.034302 
404.331000 -0.981584 2.763024 -0.026733 0.000538 0.005084 0.999405 0.034099 
404.431000 -0.984000 2.761237 -0.026948 0.001453 0.005654 0.999450 0.032644 
404.530000 -0.983922 2.759718 -0.028656 0.000643 0.005219 0.999418 0.033695 
404.631000 -0.983298 2.758868 -0.027897 0.000976 0.005709 0.999399 0.034177 
404.731000 -0.982617 2.757211 -0.027220 0.000774 0.006270 0.999420 0.033472 
404.831000 -0.982130 2.758959 -0.026309 0.000691 0.005469 0.999429 0.033324 
404.931000 -0.982575 2.759516 -0.028149 0.001198 0.006002 0.999426 0.033324 
405.030000 -0.984234 2.757638 -0.028411 0.001487 0.007789 0.999444 0.032379 
405.129000 -0.984249 2.760434 -0.027516 0.001033 0.005002 0.999441 0.033041 
405.230000 -0.982226 2.762987 -0.028437 0.000444 0.003959 0.999416 0.033928 
405.331000 -0.981310 2.762244 -0.027325 0.000796 0.006188 0.999394 0.034252 
405.429000 -0.982195 2.761142 -0.025185 0.001093 0.005302 0.999435 0.033172 
405.530000 -0.981900 2.759762 -0.025182 0.000682 0.005551 0.999406 0.034008 
405.630000 -0.980849 2.760724 -0.027252 0.000031 0.004542 0.999381 0.034893 
405.730000 -0.981766 2.760147 -0.026604 0.000490 0.005150 0.999385 0.034684 
405.833000 -0.982555 2.761669 -0.024850 0.000951 0.004731 0.999411 0.033968 
405.930000 -0.983517 2.760248 -0.026766 0.000983 0.005312 0.999442 0.032949 
406.030000 -0.982460 2.759849 -0.028358 0.000550 0.005698 0.999360 0.035303 
406.130000 -0.982536 2.760917 -0.025781 0.000778 0.004890 0.999455 0.032635 
406.230000 -0.981916 2.761663 -0.024928 0.000620 0.005192 0.999394 0.034404 
406.330000 -0.981961 2.761481 -0.023725 0.000715 0.005324 0.999413 0.033848 
406.430000 -0.982137 2.760865 -0.023633 0.000991 0.004926 0.999428 0.033441 
406.530000 -0.981761 2.760135 -0.025811 0.000675 0.005194 0.999393 0.034443 
406.630000 -0.982158 2.759116 -0.027186 0.000804 0.006060 0.999413 0.033714 
406.730000 -0.982983 2.758030 -0.028496 0.000835 0.006212 0.999429 0.033188 
406.830000 -0.982538 2.757323 -0.031348 0.000533 0.006374 0.999402 0.033982 
406.930000 -0.981946 2.757519 -0.032596 0.000357 0.006565 0.999382 0.034539 
407.032000 -0.981779 2.759892 -0.029734 0.000640 0.006354 0.999415 0.033599 
407.130000 -0.982441 2.760183 -0.027406 0.000790 0.006162 0.999433 0.033089 
407.230000 -0.981579 2.762616 -0.026454 0.000164 0.004593 0.999415 0.033891 
407.330000 -0.981924 2.762148 -0.024684 0.000761 0.005569 0.999395 0.034333 
407.431000 -0.981874 2.762687 -0.023796 0.000452 0.004641 0.999432 0.033378 
407.530000 -0.981766 2.762738 -0.025534 0.000280 0.004153 0.999415 0.033954 
407.631000 -0.982992 2.761305 -0.025783 0.001155 0.005466 0.999415 0.033740 
407.730000 -0.982460 2.760115 -0.025750 0.000275 0.005290 0.999397 0.034302 
407.830000 -0.982865 2.759914 -0.025153 0.000859 0.004953 0.999435 0.033239 
407.930000 -0.983252 2.757660 -0.028497 0.001238 0.006446 0.999414 0.033595 
408.031000 -0.983193 2.756061 -0.029158 0.000829 0.006909 0.999404 0.033815 
408.130000 -0.982502 2.758701 -0.026448 0.000548 0.004891 0.999399 0.034304 
408.230000 -0.980957 2.760610 -0.027074 -0.000126 0.004240 0.999453 0.032813 
408.330000 -0.982717 2.758654 -0.027527 0.001369 0.007450 0.999438 0.032642 
408.431000 -0.984850 2.758533 -0.027321 0.001573 0.006255 0.999457 0.032321 
408.533000 -0.984681 2.759900 -0.028014 0.000905 0.005463 0.999433 0.033210 
408.632000 -0.983328 2.759923 -0.027632 0.000843 0.005811 0.999404 0.034014 
408.731000 -0.982342 2.760149 -0.025551 0.000701 0.005320 0.999417 0.033715 
408.832000 -0.981891 2.759497 -0.024061 0.001084 0.006278 0.999389 0.034361 
408.931000 -0.981072 2.760941 -0.027195 0.000576 0.004917 0.999395 0.034412 
409.031000 -0.982115 2.760043 -0.028129 0.001064 0.006786 0.999412 0.033580 
409.131000 -0.983693 2.759239 -0.027359 0.001150 0.005811 0.999434 0.033119 
409.232000 -0.984166 2.757811 -0.029130 0.001165 0.006097 0.999417 0.033559 
409.331000 -0.982280 2.758834 -0.029535 0.000442 0.006335 0.999351 0.035453 
409.432000 -0.982558 2.759058 -0.027849 0.001596 0.006857 0.999427 0.033095 
409.531000 -0.982372 2.760175 -0.026080 0.001313 0.006145 0.999408 0.033839 
409.631000 -0.981314 2.762282 -0.023877 0.000455 0.005242 0.999402 0.034171 
409.731000 -0.981590 2.764675 -0.021046 0.000558 0.003669 0.999483 0.031926 
409.831000 -0.981621 2.766043 -0.021442 0.000420 0.002878 0.999471 0.032400 
409.931000 -0.982506 2.763398 -0.023732 0.000982 0.005836 0.999416 0.033653 
410.031000 -0.983237 2.762963 -0.023944 0.000761 0.003642 0.999444 0.033126 
410.132000 -0.984487 2.757175 -0.028307 0.001418 0.006112 0.999418 0.033535 
410.232000 -0.983633 2.755831 -0.030948 0.000408 0.005489 0.999396 0.034306 
410.331000 -0.983067 2.756144 -0.031411 0.000973 0.006442 0.999415 0.033587 
410.431000 -0.983013 2.757589 -0.031125 0.001552 0.006541 0.999453 0.032366 
410.531000 -0.982263 2.757869 -0.031873 0.000648 0.006637 0.999403 0.033909 
410.631000 -0.981770 2.760304 -0.028463 0.000649 0.006012 0.999397 0.034203 
410.731000 -0.980798 2.762247 -0.025444 0.000186 0.005423 0.999395 0.034349 
410.831000 -0.980196 2.763665 -0.022057 0.000014 0.004582 0.999413 0.033958 
410.933000 -0.981575 2.762787 -0.021471 0.001200 0.005778 0.999381 0.034694 
411.033000 -0.981838 2.761431 -0.022784 0.000270 0.005468 0.999384 0.034670 
411.130000 -0.982415 2.761965 -0.022655 0.000357 0.004533 0.999413 0.033945 
411.231000 -0.982947 2.760425 -0.027154 0.000672 0.004641 0.999421 0.033710 
411.331000 -0.983919 2.757268 -0.029914 0.001031 0.006322 0.999418 0.033494 
411.431000 -0.984003 2.756383 -0.029974 0.001022 0.006337 0.999413 0.033650 
411.531000 -0.983215 2.758687 -0.030078 0.000754 0.005609 0.999451 0.032642 
411.632000 -0.982151 2.759175 -0.028599 0.000731 0.006131 0.999400 0.034069 
411.731000 -0.982216 2.759332 -0.027045 0.000760 0.006127 0.999421 0.033464 
411.831000 -0.982418 2.761569 -0.024974 0.000862 0.005268 0.999428 0.033394 
411.931000 -0.982610 2.761516 -0.027395 0.001045 0.005256 0.999409 0.033950 
412.031000 -0.983115 2.761195 -0.026817 0.000845 0.006094 0.999429 0.033230 
412.131000 -0.983463 2.761727 -0.024914 0.000929 0.004740 0.999443 0.033034 
412.230000 -0.982040 2.762057 -0.025432 0.000222 0.003997 0.999433 0.033433 
412.332000 -0.981756 2.759417 -0.026758 0.000792 0.006561 0.999383 0.034490 
412.430000 -0.983255 2.757848 -0.027342 0.001444 0.005880 0.999437 0.032996 
412.531000 -0.982821 2.759162 -0.027178 0.000610 0.004854 0.999407 0.034092 
412.631000 -0.982496 2.759733 -0.028280 0.000616 0.005317 0.999422 0.033560 
412.731000 -0.981969 2.760804 -0.028486 0.000617 0.005415 0.999412 0.033851 
412.831000 -0.982183 2.762371 -0.025382 0.000981 0.004869 0.999469 0.032206 
412.931000 -0.981382 2.762105 -0.024801 0.000690 0.006104 0.999388 0.034423 
413.032000 -0.981924 2.761493 -0.023820 0.000720 0.005193 0.999431 0.033324 
413.131000 -0.982551 2.761691 -0.025415 0.000653 0.003920 0.999455 0.032775 
413.231000 -0.982610 2.761961 -0.026711 0.000661 0.004409 0.999415 0.033911 
413.331000 -0.982978 2.760897 -0.026578 0.000796 0.005009 0.999415 0.033834 
413.431000 -0.982895 2.759286 -0.027447 0.000810 0.005905 0.999429 0.033254 
413.531000 -0.983279 2.756428 -0.029886 0.000685 0.006018 0.999427 0.033288 
413.633000 -0.982434 2.758061 -0.028470 0.000523 0.005706 0.999398 0.034223 
413.731000 -0.982101 2.760260 -0.025796 0.000578 0.005502 0.999413 0.033807 
413.831000 -0.981554 2.761220 -0.024635 0.000340 0.005355 0.999424 0.033519 
413.933000 -0.981682 2.761346 -0.026130 0.000769 0.005937 0.999391 0.034381 
414.031000 -0.981922 2.760667 -0.026677 0.000625 0.006068 0.999398 0.034164 
414.131000 -0.981672 2.762351 -0.025033 0.000224 0.004587 0.999420 0.033740 
414.231000 -0.981626 2.762827 -0.026862 0.000520 0.004434 0.999407 0.034145 
414.331000 -0.982661 2.760668 -0.028647 0.000740 0.005534 0.999413 0.033808 
414.431000 -0.983827 2.759258 -0.029101 0.001195 0.006076 0.999433 0.033094 
414.531000 -0.983175 2.758329 -0.030113 0.000570 0.005580 0.999417 0.033687 
414.630000 -0.982378 2.758411 -0.028376 0.000818 0.005908 0.999385 0.034548 
414.731000 -0.982108 2.757297 -0.026773 0.000617 0.006315 0.999419 0.033475 
414.831000 -0.982197 2.759794 -0.024028 0.000577 0.005332 0.999445 0.032886 
414.931000 -0.982905 2.760126 -0.026603 0.001197 0.005864 0.999428 0.033270 
415.031000 -0.984416 2.759619 -0.027112 0.001292 0.006530 0.999448 0.032549 
415.131000 -0.984605 2.761195 -0.026828 0.001164 0.004986 0.999431 0.033332 
415.231000 -0.982816 2.762373 -0.028241 0.000655 0.004130 0.999418 0.033869 
415.333000 -0.981712 2.761400 -0.027748 0.000882 0.006094 0.999400 0.034081 
415.431000 -0.982509 2.760174 -0.026573 0.001278 0.005460 0.999435 0.033131 
415.532000 -0.981894 2.758922 -0.026712 0.000624 0.005656 0.999406 0.033976 
415.631000 -0.981154 2.760047 -0.027568 0.000127 0.004474 0.999401 0.034331 
415.731000 -0.982168 2.760231 -0.026737 0.000614 0.004879 0.999422 0.033627 
415.831000 -0.982755 2.761865 -0.024805 0.000779 0.004550 0.999415 0.033898 
415.931000 -0.983475 2.760450 -0.026734 0.000876 0.005314 0.999443 0.032941 
416.031000 -0.982586 2.759378 -0.028135 0.000678 0.005963 0.999361 0.035238 
416.132000 -0.982509 2.759980 -0.024875 0.000677 0.004914 0.999450 0.032794 
416.231000 -0.981715 2.760483 -0.024972 0.000594 0.005451 0.999390 0.034488 
416.331000 -0.981972 2.760331 -0.024201 0.000680 0.005466 0.999412 0.033838 
416.431000 -0.982226 2.760142 -0.023917 0.000910 0.005216 0.999424 0.033527 
416.531000 -0.982096 2.759907 -0.026249 0.000728 0.005325 0.999408 0.033984 
416.631000 -0.982464 2.759548 -0.027416 0.000717 0.005931 0.999416 0.033638 
416.731000 -0.983593 2.758284 -0.028413 0.001060 0.006461 0.999448 0.032573 
416.832000 -0.983125 2.757208 -0.031557 0.000715 0.006493 0.999400 0.034022 
416.931000 -0.982299 2.756278 -0.032846 0.000307 0.006532 0.999391 0.034291 
417.030000 -0.981668 2.758675 -0.029770 0.000574 0.006307 0.999409 0.033773 
417.132000 -0.981969 2.758727 -0.027378 0.000574 0.006284 0.999417 0.033541 
417.231000 -0.981387 2.761123 -0.026790 0.000145 0.004864 0.999418 0.033751 
417.332000 -0.982008 2.761042 -0.025472 0.000692 0.005968 0.999383 0.034593 
417.431000 -0.982135 2.762281 -0.024513 0.000416 0.004848 0.999428 0.033455 
417.532000 -0.982079 2.762959 -0.025913 0.000300 0.004312 0.999416 0.033906 
417.632000 -0.982993 2.761594 -0.026497 0.001072 0.005057 0.999416 0.033787 
417.731000 -0.982663 2.760265 -0.025894 0.000363 0.005110 0.999414 0.033835 
417.831000 -0.982979 2.759792 -0.025046 0.000865 0.004905 0.999436 0.033215 
417.931000 -0.983498 2.756977 -0.028339 0.001400 0.006627 0.999418 0.033431 
418.031000 -0.983329 2.755172 -0.029045 0.000840 0.007016 0.999403 0.033812 
418.131000 -0.982322 2.759841 -0.026416 0.000329 0.004010 0.999436 0.033348 
418.231000 -0.981188 2.761835 -0.027307 0.000037 0.004148 0.999457 0.032698 
418.331000 -0.982614 2.760392 -0.027309 0.001213 0.006606 0.999433 0.033006 
418.431000 -0.984729 2.759805 -0.026716 0.001628 0.006045 0.999453 0.032486 
418.532000 -0.984644 2.759867 -0.027490 0.000928 0.005311 0.999433 0.033241 
418.631000 -0.983307 2.759999 -0.026847 0.000734 0.004894 0.999414 0.033868 
418.731000 -0.982564 2.759346 -0.025512 0.000772 0.005417 0.999424 0.033504 
418.832000 -0.981984 2.758499 -0.025398 0.000900 0.006086 0.999392 0.034313 
418.933000 -0.980983 2.759043 -0.028250 0.000427 0.005460 0.999372 0.035009 
419.031000 -0.982085 2.757242 -0.029205 0.001095 0.007738 0.999390 0.034027 
419.131000 -0.983648 2.757410 -0.027714 0.001086 0.006167 0.999433 0.033071 
419.232000 -0.984319 2.757122 -0.029520 0.001237 0.006388 0.999415 0.033568 
419.331000 -0.982465 2.758922 -0.030079 0.000459 0.006539 0.999350 0.035441 
419.431000 -0.982992 2.759372 -0.028048 0.001780 0.006883 0.999434 0.032879 
419.532000 -0.982557 2.760404 -0.026255 0.001340 0.006354 0.999395 0.034155 
419.630000 -0.981251 2.762514 -0.024059 0.000407 0.005093 0.999405 0.034116 
419.735000 -0.981323 2.763627 -0.021425 0.000616 0.004274 0.999448 0.032953 
419.833000 -0.981132 2.762921 -0.022743 0.000419 0.004305 0.999415 0.033917 
419.932000 -0.981959 2.760345 -0.025864 0.000933 0.006535 0.999409 0.033725 
420.032000 -0.982854 2.760754 -0.026118 0.000584 0.004275 0.999416 0.033887 
420.133000 -0.984861 2.756295 -0.029724 0.001636 0.006711 0.999418 0.033414 
420.235000 -0.984054 2.756196 -0.031508 0.000353 0.005479 0.999397 0.034289 
420.334000 -0.983096 2.757913 -0.030061 0.000882 0.006168 0.999416 0.033602 
420.432000 -0.982237 2.759275 -0.028272 0.001227 0.006427 0.999425 0.033267 
420.530000 -0.981279 2.759493 -0.028207 0.000260 0.005531 0.999415 0.033743 
420.634000 -0.981052 2.761155 -0.025798 0.000490 0.005405 0.999389 0.034540 
420.734000 -0.980607 2.762084 -0.023675 0.000036 0.005271 0.999389 0.034557 
420.833000 -0.980120 2.763711 -0.021027 -0.000473 0.003885 0.999413 0.034044 
420.933000 -0.982192 2.761250 -0.022877 0.001285 0.005923 0.999393 0.034313 
421.033000 -0.983167 2.758803 -0.025019 0.000341 0.005668 0.999397 0.034243 
421.133000 -0.984185 2.758396 -0.025583 0.000741 0.005350 0.999419 0.033655 
421.232000 -0.983707 2.758201 -0.028338 0.000713 0.005040 0.999420 0.033674 
421.333000 -0.983410 2.756474 -0.029717 0.000839 0.006712 0.999409 0.033690 
421.432000 -0.982800 2.756562 -0.029568 0.000966 0.006404 0.999406 0.033858 
421.533000 -0.982815 2.758377 -0.030468 0.001022 0.006330 0.999454 0.032401 
421.632000 -0.991451 2.760897 -0.029488 -0.000208 0.005444 0.999384 0.034678 
421.735000 -1.074732 2.773295 -0.021822 0.000199 0.003269 0.999444 0.033195 
421.832000 -1.134307 2.775849 -0.027951 -0.002500 0.004336 0.999497 0.031307 
421.932000 -1.197004 2.773768 -0.028359 0.000210 0.005703 0.999520 0.030451 
422.034000 -1.239700 2.770340 -0.035824 -0.001118 0.006937 0.999551 0.029126 
422.131000 -1.281410 2.769052 -0.027447 0.002323 0.006402 0.999574 0.028392 
422.230000 -1.323335 2.782760 -0.013976 0.004605 0.006347 0.999467 0.031686 
422.331000 -1.362613 2.797706 -0.010599 0.002648 0.011497 0.999448 0.031063 
422.431000 -1.407805 2.806478 -0.023578 0.001540 0.017130 0.999294 0.033416 
422.532000 -1.451900 2.826663 -0.037168 0.000907 0.016232 0.999261 0.034838 
422.631000 -1.489990 2.908686 -0.038129 0.001584 0.010035 0.999430 0.032202 
422.732000 -1.526174 3.007595 -0.019288 -0.000246 -0.005593 0.999474 0.031932 
422.832000 -1.567588 3.053504 -0.000163 -0.003609 -0.009589 0.999451 0.031498 
422.932000 -1.618591 3.040906 0.007669 -0.002779 -0.009648 0.999416 0.032649 
423.032000 -1.596050 2.992521 0.018405 -0.000337 -0.011252 0.999420 0.032143 
423.132000 -1.572519 2.942051 0.017046 -0.002567 -0.007629 0.999464 0.031726 
423.234000 -1.567881 2.917241 0.003119 -0.003969 -0.004288 0.999466 0.032137 
423.332000 -1.582988 2.927025 -0.013069 -0.002447 -0.002600 0.999495 0.031580 
423.432000 -1.598924 2.954424 -0.022289 -0.003439 -0.002930 0.999489 0.031653 
423.532000 -1.605051 2.978746 -0.028938 -0.002586 -0.003495 0.999500 0.031305 
423.631000 -1.602560 2.992858 -0.016479 0.000151 -0.007877 0.999450 0.032223 
423.732000 -1.590830 2.991244 -0.000274 -0.002093 -0.009274 0.999433 0.032297 
423.832000 -1.580121 2.976492 0.007611 -0.002966 -0.007719 0.999465 0.031653 
423.932000 -1.581630 2.959366 0.008185 -0.000917 -0.006419 0.999468 0.031972 
424.032000 -1.588906 2.954138 0.005576 -0.001877 -0.006689 0.999478 0.031556 
424.132000 -1.595884 2.957834 -0.000671 -0.001990 -0.005747 0.999482 0.031598 
424.232000 -1.598923 2.965489 -0.012512 -0.001490 -0.005615 0.999481 0.031685 
424.332000 -1.599002 2.970742 -0.015552 -0.000369 -0.004770 0.999499 0.031291 
424.432000 -1.594271 2.972478 -0.007757 -0.000744 -0.005651 0.999477 0.031828 
424.532000 -1.587456 2.971798 -0.005469 -0.001919 -0.006295 0.999487 0.031329 
424.632000 -1.586120 2.969026 -0.004318 -0.001591 -0.006416 0.999485 0.031416 
424.733000 -1.587316 2.968012 -0.001832 -0.002541 -0.006968 0.999471 0.031669 
424.832000 -1.591825 2.965824 0.000789 -0.001766 -0.005858 0.999487 0.031428 
424.932000 -1.596197 2.965081 -0.001006 -0.000885 -0.005732 0.999486 0.031515 
425.032000 -1.597105 2.967804 -0.003609 -0.000759 -0.006525 0.999479 0.031592 
425.132000 -1.593944 2.969684 -0.002751 -0.001636 -0.006234 0.999481 0.031570 
425.234000 -1.588957 2.969768 -0.004807 -0.002474 -0.006277 0.999481 0.031501 
425.333000 -1.588456 2.968373 -0.007490 -0.001396 -0.006000 0.999480 0.031665 
425.433000 -1.589718 2.968063 -0.005200 -0.002057 -0.006537 0.999476 0.031631 
425.532000 -1.589342 2.967097 -0.007544 -0.003320 -0.005983 0.999483 0.031428 
425.632000 -1.591269 2.966888 -0.009251 -0.002059 -0.005772 0.999482 0.031605 
425.732000 -1.593794 2.968830 -0.007153 -0.000985 -0.006130 0.999479 0.031668 
425.832000 -1.593282 2.970386 -0.002219 -0.002032 -0.006970 0.999476 0.031557 
425.933000 -1.591800 2.968656 -0.001853 -0.001815 -0.005798 0.999488 0.031429 
426.035000 -1.591904 2.967589 -0.000114 -0.000894 -0.006453 0.999481 0.031562 
426.133000 -1.590076 2.969109 0.000447 -0.002211 -0.006386 0.999484 0.031403 
426.233000 -1.590263 2.969271 -0.003825 -0.001684 -0.006731 0.999473 0.031709 
426.332000 -1.591825 2.969819 -0.007249 -0.001600 -0.006828 0.999474 0.031675 
426.433000 -1.592225 2.967846 -0.006817 -0.002039 -0.006270 0.999467 0.031978 
426.533000 -1.592142 2.967121 -0.008557 -0.001811 -0.006451 0.999487 0.031314 
426.633000 -1.591999 2.967884 -0.006403 -0.001403 -0.006463 0.999479 0.031594 
426.732000 -1.590641 2.968655 -0.002641 -0.002427 -0.006817 0.999472 0.031663 
426.832000 -1.589014 2.968213 -0.003826 -0.002758 -0.006070 0.999483 0.031451 
426.932000 -1.592279 2.966135 -0.001828 -0.000274 -0.005294 0.999489 0.031523 
427.032000 -1.592088 2.968383 -0.001300 -0.002418 -0.006803 0.999471 0.031715 
427.133000 -1.590208 2.969174 -0.003484 -0.002675 -0.006384 0.999478 0.031559 
427.232000 -1.589598 2.970144 -0.007534 -0.002305 -0.006606 0.999474 0.031674 
427.332000 -1.591637 2.969442 -0.009353 -0.001140 -0.005923 0.999489 0.031405 
427.432000 -1.592446 2.967872 -0.006178 -0.002136 -0.006383 0.999476 0.031665 
427.532000 -1.590853 2.967307 -0.009834 -0.002602 -0.006109 0.999488 0.031311 
427.632000 -1.592498 2.966134 -0.006561 -0.000802 -0.005562 0.999481 0.031716 
427.732000 -1.591299 2.968537 -0.005128 -0.002271 -0.006790 0.999479 0.031484 
427.832000 -1.590296 2.968701 0.000122 -0.001933 -0.005511 0.999483 0.031614 
427.932000 -1.591273 2.967629 -0.002523 -0.001209 -0.005431 0.999491 0.031427 
428.032000 -1.591185 2.969408 -0.002716 -0.002201 -0.007103 0.999475 0.031546 
428.132000 -1.592222 2.968428 -0.000098 -0.001423 -0.005606 0.999487 0.031489 
428.233000 -1.592096 2.968978 -0.001773 -0.002852 -0.008326 0.998412 0.055648 
428.332000 -1.596006 2.965524 -0.005796 -0.000778 -0.006202 0.991752 0.128022 
428.433000 -1.601874 2.961935 -0.006606 0.000400 -0.004775 0.984808 0.173582 
428.532000 -1.602236 2.959495 -0.015726 -0.001773 -0.003100 0.976677 0.214683 
428.632000 -1.600729 2.963833 -0.022768 -0.000961 -0.003817 0.966255 0.257558 
428.733000 -1.600994 2.969802 -0.021867 0.000305 -0.003865 0.953521 0.301302 
428.832000 -1.601816 2.975628 -0.017299 -0.000267 -0.003330 0.939545 0.342408 
428.932000 -1.604110 2.974851 -0.018538 -0.000297 -0.002992 0.922925 0.384969 
429.032000 -1.605061 2.975112 -0.019747 -0.000789 -0.003056 0.905145 0.425091 
429.132000 -1.608312 2.976365 -0.018497 0.000533 -0.002409 0.885188 0.465227 
429.232000 -1.609640 2.979879 -0.014817 0.000897 -0.004234 0.862892 0.505370 
429.332000 -1.609597 2.982976 -0.012703 0.000459 -0.003298 0.839120 0.543936 
429.432000 -1.610105 2.983434 -0.016843 0.000930 -0.001665 0.813375 0.581736 
429.532000 -1.607237 2.984518 -0.018105 0.000082 -0.002795 0.788748 0.614710 
429.632000 -1.605247 2.964791 -0.012785 0.004155 -0.001345 0.800961 0.598701 
429.732000 -1.606228 2.956001 -0.015931 -0.000851 0.002138 0.811228 0.584725 
429.831000 -1.606912 2.969976 -0.018270 -0.000458 -0.001395 0.812500 0.582960 
429.932000 -1.609102 2.988185 -0.017752 -0.000266 -0.001841 0.812885 0.582421 
430.032000 -1.636024 3.071141 -0.022249 -0.002360 0.000210 0.812193 0.583384 
430.132000 -1.658907 3.148602 -0.017427 0.001946 -0.004382 0.812525 0.582906 
430.232000 -1.676975 3.201227 -0.002583 0.004866 -0.006283 0.812344 0.583124 
430.331000 -1.687964 3.222089 0.002743 0.002720 -0.005029 0.812142 0.583432 
430.432000 -1.697229 3.242437 0.001104 0.000101 -0.001683 0.811877 0.583826 
430.532000 -1.713894 3.260389 -0.011564 -0.000953 0.000321 0.810844 0.585262 
430.633000 -1.735567 3.291468 -0.024072 -0.001942 0.002044 0.809743 0.586778 
430.732000 -1.755603 3.339311 -0.034916 -0.001815 0.003105 0.809017 0.587774 
430.832000 -1.767985 3.393015 -0.039262 -0.003718 0.002936 0.808418 0.588589 
430.932000 -1.776907 3.453613 -0.035685 -0.003830 0.002208 0.808149 0.588962 
431.032000 -1.785877 3.500486 -0.035778 -0.003770 0.002328 0.807687 0.589595 
431.132000 -1.797112 3.551073 -0.025400 -0.002009 -0.000738 0.807421 0.589972 
431.233000 -1.814590 3.599246 -0.016786 -0.001672 -0.000905 0.807752 0.589519 
431.332000 -1.810748 3.566081 -0.014317 0.000094 -0.000442 0.807459 0.589924 
431.432000 -1.806558 3.535645 -0.016550 -0.001924 0.000809 0.807729 0.589551 
431.532000 -1.805546 3.524317 -0.017305 -0.002381 0.000783 0.807851 0.589381 
431.633000 -1.808227 3.531554 -0.022552 -0.003143 0.002934 0.807096 0.590404 
431.732000 -1.812693 3.545652 -0.029710 -0.003457 0.003027 0.754695 0.656060 
431.833000 -1.813873 3.566219 -0.033129 -0.003504 0.000195 0.724518 0.689247 
431.932000 -1.810038 3.577127 -0.035608 -0.002832 0.000648 0.693633 0.720322 
432.033000 -1.806284 3.577728 -0.029586 -0.002100 -0.002217 0.661194 0.750209 
432.132000 -1.800113 3.569185 -0.027614 -0.004330 -0.001549 0.627797 0.778364 
432.232000 -1.795691 3.561000 -0.022995 -0.004109 0.001433 0.591672 0.806167 
432.332000 -1.798354 3.562788 -0.020196 -0.001933 -0.002864 0.558872 0.829247 
432.432000 -1.784204 3.655509 -0.022823 -0.006179 0.003652 0.582904 0.812510 
432.532000 -1.762533 3.722686 -0.024396 -0.002987 0.001685 0.589866 0.807494 
432.632000 -1.746004 3.779407 -0.011294 0.004643 -0.002208 0.589731 0.807583 
432.732000 -1.729295 3.817866 -0.003655 0.003389 -0.001915 0.589968 0.807417 
432.832000 -1.715166 3.843209 -0.003346 0.003345 0.000279 0.589439 0.807806 
432.932000 -1.704297 3.870103 -0.005946 0.001161 0.001158 0.589744 0.807589 
433.033000 -1.692240 3.909826 -0.011071 0.000041 0.001774 0.590103 0.807326 
433.132000 -1.681803 3.963087 -0.008873 0.001897 0.001114 0.590411 0.807100 
433.232000 -1.668242 4.026771 -0.006752 0.003377 0.000793 0.590239 0.807221 
433.333000 -1.647994 4.089960 -0.010837 0.003210 0.000998 0.589424 0.807817 
433.432000 -1.629307 4.139634 -0.008753 0.002100 0.001502 0.589023 0.808112 
433.533000 -1.609365 4.180086 -0.007757 0.002729 0.000665 0.588463 0.808519 
433.633000 -1.594143 4.222925 0.002003 0.005370 -0.002285 0.588667 0.808354 
433.732000 -1.581526 4.270223 0.009452 0.005549 -0.000116 0.589210 0.807961 
433.833000 -1.568482 4.321171 0.007283 0.004713 0.000485 0.589003 0.808117 
433.933000 -1.558309 4.360669 0.003713 0.003861 0.000754 0.588429 0.808539 
434.032000 -1.569195 4.336266 0.002829 0.007720 -0.002092 0.588752 0.808274 
434.132000 -1.578983 4.309759 0.003649 0.006894 0.000037 0.587976 0.808849 
434.234000 -1.581216 4.317936 0.023256 0.010998 0.006152 0.525540 0.850675 
434.333000 -1.573444 4.322951 0.016796 0.006125 0.001511 0.479589 0.877470 
434.432000 -1.567189 4.329640 0.001734 0.006529 0.003100 0.439525 0.898201 
434.533000 -1.557390 4.329987 -0.006581 0.003691 0.002283 0.399336 0.916794 
434.633000 -1.508353 4.363952 -0.004543 0.009179 0.002964 0.413877 0.910282 
434.732000 -1.461634 4.407986 -0.009837 0.003343 0.002467 0.431570 0.902070 
434.833000 -1.423407 4.451507 -0.017430 -0.000539 0.002829 0.433295 0.901247 
434.933000 -1.395125 4.493556 -0.019338 -0.000960 0.002041 0.432666 0.901551 
435.032000 -1.373816 4.532816 -0.025579 -0.000036 0.002316 0.432866 0.901456 
435.133000 -1.389488 4.522048 -0.022897 0.002185 -0.000342 0.432185 0.901782 
435.232000 -1.411828 4.493615 -0.019128 0.000173 0.002943 0.432241 0.901753 
435.333000 -1.420571 4.475151 -0.015338 -0.000741 0.004172 0.433041 0.901364 
435.433000 -1.416348 4.473756 -0.018842 -0.001714 0.004966 0.433455 0.901160 
435.532000 -1.402939 4.487218 -0.021510 -0.002259 0.005107 0.433496 0.901138 
435.632000 -1.390156 4.504797 -0.021851 -0.001079 0.003128 0.432669 0.901547 
435.732000 -1.382946 4.519505 -0.022898 0.000959 0.000865 0.432693 0.901540 
435.832000 -1.385484 4.520471 -0.020755 0.000728 0.001728 0.432664 0.901553 
435.932000 -1.392245 4.509800 -0.016007 -0.000199 0.001510 0.432666 0.901553 
436.032000 -1.398270 4.498496 -0.014642 0.000749 0.001103 0.432897 0.901442 
436.132000 -1.404103 4.491280 -0.017226 -0.000220 0.003670 0.432692 0.901534 
436.231000 -1.404916 4.491881 -0.018782 -0.000659 0.003618 0.432784 0.901490 
436.332000 -1.401322 4.498341 -0.020947 -0.000334 0.003643 0.433191 0.901295 
436.433000 -1.395104 4.507058 -0.020182 -0.000132 0.002955 0.401824 0.915712 
436.532000 -1.386107 4.511525 -0.020653 -0.000425 0.002505 0.337957 0.941158 
436.634000 -1.379595 4.512466 -0.018708 0.000492 0.002345 0.292205 0.956353 
436.733000 -1.381312 4.509240 -0.017957 -0.000461 0.003374 0.249788 0.968295 
436.833000 -1.381864 4.503062 -0.016912 -0.001542 0.001807 0.205591 0.978635 
436.934000 -1.383443 4.501215 -0.017589 -0.001109 0.003105 0.160148 0.987087 
437.034000 -1.381431 4.500321 -0.021804 -0.002332 0.002778 0.116451 0.993190 
437.133000 -1.377244 4.505162 -0.021034 -0.001564 0.002852 0.073184 0.997313 
437.234000 -1.371723 4.508389 -0.018830 -0.002416 0.004231 0.028196 0.999591 
437.333000 -1.365392 4.508830 -0.020473 -0.001737 0.002172 -0.014664 0.999889 
437.433000 -1.360279 4.508504 -0.020394 -0.001063 0.000782 -0.059844 0.998207 
437.533000 -1.352652 4.506462 -0.021022 -0.001015 -0.001144 -0.102878 0.994693 
437.633000 -1.353328 4.503415 -0.017213 -0.001181 0.000893 -0.147669 0.989036 
437.734000 -1.361072 4.498787 -0.014041 -0.003368 0.002923 -0.190326 0.981711 
437.833000 -1.366001 4.493823 -0.018560 -0.003219 0.000633 -0.231251 0.972889 
437.932000 -1.363911 4.496487 -0.021139 -0.001031 -0.000418 -0.274644 0.961545 
438.033000 -1.363574 4.495447 -0.022751 -0.003442 0.000386 -0.317499 0.948252 
438.134000 -1.361229 4.492947 -0.019138 -0.003043 0.001476 -0.360085 0.932914 
438.236000 -1.355835 4.490775 -0.015000 -0.003752 0.002491 -0.402991 0.915193 
438.338000 -1.355500 4.486553 -0.013818 -0.001435 -0.000419 -0.365938 0.930638 
438.435000 -1.357066 4.487542 -0.017735 -0.002787 0.000206 -0.364560 0.931176 
438.534000 -1.360748 4.490728 -0.020016 -0.003560 0.000855 -0.363871 0.931442 
438.633000 -1.364115 4.494910 -0.018906 -0.002507 0.001269 -0.364039 0.931379 
438.735000 -1.363577 4.496169 -0.016600 -0.002150 0.001052 -0.364219 0.931310 
438.834000 -1.306154 4.442819 -0.011866 -0.000718 0.003217 -0.362446 0.931999 
438.933000 -1.248112 4.388466 -0.009138 -0.001261 0.002215 -0.363307 0.931666 
439.034000 -1.206427 4.355840 -0.002692 -0.002627 0.001540 -0.362479 0.931987 
439.134000 -1.174088 4.333692 -0.017501 -0.004713 -0.003462 -0.361606 0.932313 
439.234000 -1.148674 4.316480 -0.029180 -0.003760 -0.002155 -0.360841 0.932617 
439.333000 -1.122580 4.293182 -0.034209 -0.003562 -0.000812 -0.360432 0.932778 
439.435000 -1.087893 4.256646 -0.028054 -0.002441 -0.000362 -0.360475 0.932766 
439.534000 -1.051588 4.216716 -0.020232 -0.003375 0.001388 -0.360388 0.932795 
439.633000 -1.007134 4.172539 -0.017361 -0.004929 -0.001680 -0.360605 0.932704 
439.733000 -0.958933 4.132946 -0.021543 -0.006013 -0.003108 -0.360607 0.932693 
439.833000 -0.923056 4.102355 -0.023705 -0.004901 -0.000629 -0.360341 0.932808 
439.933000 -0.892422 4.075338 -0.027028 -0.005087 -0.001424 -0.361315 0.932429 
440.034000 -0.866475 4.050181 -0.027360 -0.004066 -0.000418 -0.362058 0.932147 
440.133000 -0.838782 4.018763 -0.025558 -0.005580 -0.001103 -0.362211 0.932079 
440.233000 -0.804705 3.980486 -0.025197 -0.007045 -0.001704 -0.362130 0.932099 
440.333000 -0.814779 3.989881 -0.022867 -0.006453 -0.002058 -0.362514 0.931954 
440.434000 -0.830290 4.008727 -0.022038 -0.006129 -0.000935 -0.362188 0.932084 
440.533000 -0.834091 4.015738 -0.022812 -0.005838 -0.000192 -0.362540 0.931950 
440.634000 -0.828403 4.014846 -0.022083 -0.004414 0.001003 -0.362346 0.932033 
440.733000 -0.817310 4.001420 -0.027354 0.005782 -0.001751 -0.290582 0.956831 
440.833000 -0.816837 3.992614 -0.022925 -0.005938 0.000703 -0.239563 0.970863 
440.933000 -0.818476 3.992932 -0.030477 -0.007262 -0.000904 -0.196586 0.980459 
441.033000 -0.826320 4.000717 -0.028748 -0.007310 0.001403 -0.153716 0.988087 
441.133000 -0.835433 4.012109 -0.025411 -0.006335 -0.000256 -0.111820 0.993708 
441.234000 -0.842674 4.019695 -0.020186 -0.007041 0.000012 -0.068613 0.997619 
441.334000 -0.841658 4.018159 -0.017553 -0.005611 0.003272 -0.021898 0.999739 
441.433000 -0.833379 4.010438 -0.025474 -0.005688 0.000729 0.020996 0.999763 
441.533000 -0.827111 4.003654 -0.025657 -0.006200 0.002033 0.064964 0.997866 
441.634000 -0.829277 4.000806 -0.023851 -0.005460 0.003571 0.108565 0.994068 
441.733000 -0.838840 4.009223 -0.023407 -0.004009 0.002282 0.150393 0.988615 
441.833000 -0.845662 4.015723 -0.018168 -0.005295 0.002789 0.111101 0.993791 
441.934000 -0.810477 4.027580 -0.013794 -0.005387 0.004343 0.111700 0.993718 
442.035000 -0.738151 4.040597 -0.014405 -0.005471 0.007178 0.111799 0.993690 
442.136000 -0.664489 4.052883 -0.018616 -0.003707 0.000967 0.111039 0.993809 
442.234000 -0.606384 4.061239 -0.024072 -0.003603 -0.000480 0.111500 0.993758 
442.335000 -0.571818 4.065294 -0.029564 -0.005392 0.002004 0.110822 0.993824 
442.435000 -0.539264 4.072244 -0.026831 -0.005599 0.002559 0.111822 0.993709 
442.533000 -0.505701 4.080852 -0.024251 -0.004795 0.003956 0.111971 0.993692 
442.634000 -0.458186 4.093520 -0.025016 -0.006151 0.004852 0.112318 0.993641 
442.733000 -0.402321 4.106081 -0.024736 -0.003968 0.001593 0.112940 0.993593 
442.833000 -0.349486 4.121260 -0.022501 -0.004502 0.004632 0.112088 0.993677 
442.933000 -0.356147 4.124948 -0.023135 -0.003580 -0.000200 0.108894 0.994047 
443.033000 -0.379785 4.117240 -0.022862 -0.004303 0.000686 0.111266 0.993781 
443.134000 -0.402697 4.104837 -0.024935 -0.002755 0.001989 0.114356 0.993434 
443.234000 -0.416329 4.093287 -0.026792 -0.004159 0.004922 0.115516 0.993285 
443.333000 -0.409202 4.089253 -0.029544 -0.005912 0.004123 0.115698 0.993258 
443.434000 -0.395748 4.093007 -0.025516 -0.005175 0.004659 0.115034 0.993337 
443.533000 -0.385175 4.099090 -0.026658 -0.006166 0.003835 0.114722 0.993371 
443.633000 -0.379177 4.105234 -0.026592 -0.005310 0.002379 0.113777 0.993489 
443.734000 -0.379768 4.108774 -0.023775 -0.004824 0.002048 0.113215 0.993557 
443.833000 -0.385353 4.109283 -0.024772 -0.004799 0.001883 0.113668 0.993505 
443.935000 -0.391821 4.106054 -0.025432 -0.004065 0.002301 0.113956 0.993475 
444.035000 -0.396325 4.103620 -0.024384 -0.004536 0.003495 0.114443 0.993413 
444.135000 -0.396223 4.101851 -0.022301 -0.004628 0.003674 0.114065 0.993456 
444.235000 -0.392861 4.101412 -0.026239 -0.005775 0.003764 0.113840 0.993475 
444.334000 -0.387888 4.101718 -0.030005 -0.005429 0.002575 0.114085 0.993453 
444.434000 -0.385436 4.103319 -0.025384 -0.004966 0.002821 0.113917 0.993474 
444.534000 -0.386406 4.103925 -0.027349 -0.004808 0.002396 0.114089 0.993456 
444.634000 -0.388778 4.104065 -0.029039 -0.005340 0.002655 0.113647 0.993503 
444.734000 -0.392704 4.104050 -0.028595 -0.005500 0.003609 0.113853 0.993476 
444.833000 -0.393334 4.104265 -0.025363 -0.004581 0.003315 0.113970 0.993468 
444.934000 -0.391571 4.104496 -0.024995 -0.004477 0.002847 0.114551 0.993403 
445.035000 -0.389080 4.103938 -0.025439 -0.004036 0.002980 0.114486 0.993412 
445.134000 -0.387653 4.103578 -0.023425 -0.004655 0.002640 0.114207 0.993443 
445.235000 -0.387908 4.102818 -0.026260 -0.005488 0.003030 0.114047 0.993456 
445.337000 -0.388230 4.103568 -0.026675 -0.004163 0.002210 0.114012 0.993468 
445.435000 -0.389925 4.104545 -0.025084 -0.005088 0.002909 0.114095 0.993453 
445.536000 -0.389763 4.105865 -0.025568 -0.003236 0.002137 0.114291 0.993440 
445.634000 -0.390460 4.105242 -0.027056 -0.004585 0.003045 0.114092 0.993455 
445.733000 -0.389914 4.104612 -0.026631 -0.005161 0.002803 0.113966 0.993467 
445.835000 -0.389051 4.104723 -0.025155 -0.003805 0.003056 0.114164 0.993450 
445.934000 -0.388999 4.103808 -0.025329 -0.004925 0.002529 0.114260 0.993435 
446.034000 -0.389104 4.103473 -0.026506 -0.003818 0.002643 0.114012 0.993469 
446.134000 -0.389845 4.104252 -0.026168 -0.004930 0.003006 0.114106 0.993452 
446.235000 -0.390112 4.104159 -0.026991 -0.004639 0.002825 0.114154 0.993448 
446.334000 -0.390630 4.104226 -0.028281 -0.005033 0.003360 0.113627 0.993505 
446.436000 -0.389214 4.104337 -0.025194 -0.004289 0.002620 0.113619 0.993512 
446.535000 -0.389566 4.104115 -0.026309 -0.005232 0.003275 0.114428 0.993412 
446.637000 -0.388538 4.104009 -0.026481 -0.005342 0.002540 0.113548 0.993515 
446.735000 -0.388514 4.104350 -0.023774 -0.004888 0.003196 0.113534 0.993517 
446.835000 -0.388896 4.104524 -0.023509 -0.005094 0.002539 0.114007 0.993464 
446.934000 -0.389544 4.104296 -0.023597 -0.004215 0.002548 0.113545 0.993521 
447.034000 -0.390309 4.104161 -0.023502 -0.005585 0.003156 0.113609 0.993505 
447.135000 -0.390063 4.103222 -0.024048 -0.005070 0.002861 0.114109 0.993451 
447.234000 -0.389548 4.102927 -0.028328 -0.005039 0.002806 0.114027 0.993461 
447.334000 -0.389200 4.102546 -0.029933 -0.005588 0.002946 0.114199 0.993438 
447.434000 -0.389290 4.103594 -0.025414 -0.004271 0.002885 0.113999 0.993468 
447.535000 -0.390060 4.102923 -0.027717 -0.005535 0.003035 0.113876 0.993475 
447.635000 -0.389196 4.102813 -0.029696 -0.005343 0.002375 0.114013 0.993462 
447.736000 -0.390050 4.103971 -0.027312 -0.005233 0.003313 0.113782 0.993486 
447.835000 -0.390858 4.104270 -0.024564 -0.004422 0.002765 0.114211 0.993443 
447.934000 -0.390304 4.104081 -0.026838 -0.005106 0.002976 0.113822 0.993484 
448.035000 -0.389686 4.104635 -0.026692 -0.004149 0.002722 0.114220 0.993443 
448.134000 -0.388979 4.103670 -0.023170 -0.005319 0.002923 0.113768 0.993489 
448.234000 -0.389576 4.102868 -0.025075 -0.005136 0.002979 0.114306 0.993428 
448.334000 -0.388964 4.102709 -0.026132 -0.004428 0.002468 0.114388 0.993423 
448.434000 -0.389199 4.103294 -0.025745 -0.004466 0.002650 0.114441 0.993416 
448.536000 -0.388785 4.103878 -0.027317 -0.004206 0.002375 0.114186 0.993448 
448.635000 -0.388712 4.104811 -0.027128 -0.005321 0.002780 0.113641 0.993504 
448.734000 -0.389997 4.105360 -0.027392 -0.005297 0.003227 0.113615 0.993506 
448.834000 -0.389602 4.105999 -0.025028 -0.004072 0.002854 0.113235 0.993556 
448.932000 -0.389961 4.105343 -0.024377 -0.004638 0.002877 0.114246 0.993438 
449.035000 -0.388610 4.104244 -0.024516 -0.004388 0.002265 0.114094 0.993458 
449.135000 -0.388738 4.104180 -0.024003 -0.004902 0.003079 0.114006 0.993463 
449.237000 -0.388860 4.103742 -0.023816 -0.005002 0.002454 0.114205 0.993442 
449.335000 -0.389061 4.103463 -0.029307 -0.004050 0.002542 0.114026 0.993466 
449.434000 -0.389392 4.104059 -0.028349 -0.005093 0.002650 0.114101 0.993453 
449.535000 -0.383061 4.104572 -0.024160 0.010663 -0.000484 0.160941 0.986906 
449.634000 -0.380116 4.102538 -0.023664 0.007207 -0.001547 0.209610 0.977757 
449.735000 -0.384833 4.095795 -0.024600 0.004930 -0.004019 0.255292 0.966843 
449.835000 -0.390748 4.092594 -0.021496 0.015368 -0.008022 0.303283 0.952743 
449.936000 -0.398751 4.087368 -0.020106 0.011556 -0.005914 0.346057 0.938124 
450.034000 -0.404640 4.084162 -0.019047 0.012366 -0.006743 0.387043 0.921954 
450.135000 -0.406504 4.085298 -0.014739 0.014802 -0.010768 0.434562 0.900456 
450.235000 -0.408251 4.086634 -0.016726 0.006719 -0.005485 0.470641 0.882282 
450.335000 -0.405566 4.090093 -0.019551 0.012860 -0.009460 0.507906 0.861264 
450.435000 -0.402522 4.085184 -0.020339 0.012335 -0.011103 0.548280 0.836130 
450.535000 -0.397385 4.081376 -0.013893 0.012966 -0.014677 0.584331 0.811279 
450.636000 -0.401144 4.084705 -0.009397 0.011221 -0.014133 0.620933 0.783656 
450.735000 -0.407117 4.093182 -0.012377 0.006078 -0.011144 0.655676 0.754935 
450.834000 -0.424380 4.075605 -0.019485 -0.005116 0.011813 0.694711 0.719174 
450.934000 -0.435431 4.067929 -0.020148 -0.004846 0.012523 0.731489 0.681721 
451.033000 -0.439514 4.057540 -0.021938 -0.005461 0.017855 0.758729 0.651138 
451.134000 -0.433241 4.060583 -0.022787 -0.004570 0.014273 0.787149 0.616581 
451.234000 -0.420571 4.067093 -0.027500 -0.004485 0.008723 0.813817 0.581038 
451.334000 -0.413797 4.070574 -0.028167 -0.003578 0.014117 0.840816 0.541125 
451.434000 -0.412792 4.075211 -0.024320 -0.002886 0.011965 0.864462 0.502547 
451.534000 -0.415969 4.073881 -0.024005 -0.002641 0.014463 0.885434 0.464533 
451.634000 -0.424119 4.068404 -0.024173 -0.002747 0.012708 0.904971 0.425275 
451.734000 -0.425616 4.060917 -0.022022 -0.001612 0.006988 0.922761 0.385307 
451.835000 -0.426028 4.048427 -0.020791 -0.000927 0.017332 0.939968 0.340822 
451.935000 -0.427239 4.044212 -0.024601 0.001789 0.015820 0.954552 0.297618 
452.034000 -0.423518 4.046144 -0.028932 0.002209 0.017528 0.966123 0.257477 
452.135000 -0.417481 4.048596 -0.031184 0.001271 0.016755 0.976262 0.215939 
452.234000 -0.403159 4.073008 -0.031037 -0.000428 0.000144 0.985520 0.169558 
452.335000 -0.393672 4.086935 -0.030670 0.001362 0.005795 0.992188 0.124613 
452.435000 -0.393387 4.086851 -0.030412 0.001221 0.004956 0.996658 0.081526 
452.534000 -0.395855 4.076708 -0.029225 0.001371 0.004568 0.999209 0.039470 
452.634000 -0.397587 4.065649 -0.028511 0.000463 0.001485 0.999994 -0.003110 
452.734000 -0.396406 4.056080 -0.026813 -0.002817 -0.001127 0.998733 -0.050236 
452.834000 -0.398289 4.043298 -0.029838 0.004392 0.007349 0.995624 -0.093051 
452.934000 -0.398301 4.038762 -0.028535 0.005025 0.008398 0.990329 -0.138392 
453.035000 -0.395681 4.040976 -0.026408 0.004229 0.007499 0.982370 -0.186746 
453.134000 -0.392845 4.052072 -0.023367 0.001541 0.001364 0.973235 -0.229803 
453.236000 -0.386674 4.069965 -0.023368 -0.000925 -0.002690 0.961383 -0.275201 
453.335000 -0.384226 4.068892 -0.023094 0.003805 0.003943 0.948427 -0.316949 
453.434000 -0.380256 4.061048 -0.025559 0.003432 0.003760 0.933288 -0.359093 
453.536000 -0.377267 4.051101 -0.028068 0.003699 0.004764 0.915102 -0.403178 
453.635000 -0.376391 4.054473 -0.025778 0.000461 -0.000539 0.897604 -0.440803 
453.734000 -0.372492 4.062555 -0.025656 -0.000872 0.003647 0.877919 -0.478795 
453.833000 -0.372976 4.063943 -0.024927 -0.006189 -0.005243 -0.856407 0.516237 
453.935000 -0.375555 4.067060 -0.018721 -0.005568 -0.003933 -0.830420 0.557097 
454.035000 -0.374708 4.069319 -0.016361 -0.005331 -0.003303 -0.805649 0.592360 
454.134000 -0.374055 4.069944 -0.018748 -0.004532 -0.002156 -0.779556 0.626312 
454.233000 -0.367919 4.076903 -0.020644 0.001030 -0.002959 -0.752278 0.658838 
454.334000 -0.366674 4.076978 -0.022951 -0.006652 -0.003163 -0.721751 0.692114 
454.434000 -0.368526 4.077616 -0.020707 -0.005058 -0.001793 -0.689176 0.724574 
454.534000 -0.371716 4.078145 -0.021365 -0.005050 -0.000936 -0.656524 0.754288 
454.635000 -0.374954 4.073143 -0.020937 -0.009662 -0.003883 -0.625147 0.780438 
454.734000 -0.372112 4.073049 -0.021899 -0.003854 -0.002735 -0.593071 0.805137 
454.834000 -0.373026 4.062822 -0.020809 -0.015276 -0.004013 -0.555235 0.831543 
454.934000 -0.373285 4.060718 -0.021109 -0.014887 -0.003533 -0.515751 0.856602 
455.034000 -0.378103 4.060954 -0.022273 -0.019886 -0.003283 -0.477587 0.878353 
455.134000 -0.380846 4.069323 -0.025979 -0.016587 -0.002317 -0.436127 0.899729 
455.234000 -0.377052 4.079163 -0.029145 -0.009314 -0.002732 -0.396577 0.917950 
455.335000 -0.379581 4.084136 -0.029465 -0.017456 0.000146 -0.353455 0.935289 
455.434000 -0.377436 4.100842 -0.029653 -0.008699 0.001461 -0.308048 0.951330 
455.535000 -0.376530 4.116700 -0.026597 -0.008794 0.002417 -0.266438 0.963809 
455.634000 -0.374578 4.126075 -0.023390 -0.003311 0.001128 -0.227119 0.973861 
455.734000 -0.369919 4.129228 -0.023279 0.005254 -0.000792 -0.182420 0.983206 
455.833000 -0.369687 4.124096 -0.022084 -0.003848 0.001931 -0.141227 0.989968 
455.934000 -0.376255 4.108279 -0.027111 -0.004628 0.002250 -0.092808 0.995671 
456.034000 -0.382428 4.092870 -0.029828 -0.007573 0.002590 -0.050288 0.998703 
456.134000 -0.386550 4.098089 -0.026504 0.002572 -0.000538 -0.009930 0.999947 
456.234000 -0.386853 4.105946 -0.028175 -0.001175 -0.001209 0.037406 0.999299 
456.334000 -0.388536 4.108067 -0.029866 -0.006888 0.003877 0.083618 0.996466 
456.434000 -0.391024 4.107936 -0.026301 -0.004853 0.003738 0.128393 0.991704 
456.534000 -0.393825 4.099166 -0.028532 -0.007136 0.004663 0.173077 0.984871 
456.634000 -0.395128 4.100017 -0.024529 -0.000649 0.002300 0.216449 0.976291 
456.734000 -0.391195 4.115459 -0.022638 0.005317 -0.003235 0.258137 0.966088 
456.835000 -0.392020 4.114173 -0.023836 -0.004694 0.004157 0.304316 0.952550 
456.934000 -0.395500 4.107572 -0.022665 -0.004033 0.003300 0.346981 0.937858 
457.035000 -0.399680 4.102399 -0.025706 -0.004009 0.003068 0.390432 0.920618 
457.135000 -0.407963 4.096246 -0.026312 -0.002958 0.003777 0.432249 0.901742 
457.235000 -0.410368 4.100110 -0.025261 -0.002203 0.000033 0.469453 0.882955 
457.335000 -0.412837 4.096954 -0.026753 -0.004566 0.006604 0.508547 0.860997 
457.434000 -0.411152 4.095159 -0.022815 -0.004403 0.007099 0.545232 0.838243 
457.534000 -0.410532 4.094111 -0.021195 -0.004028 0.007130 0.582045 0.813115 
457.634000 -0.408784 4.097438 -0.022658 -0.002308 0.002452 0.615666 0.788000 
457.735000 -0.409837 4.104348 -0.021230 -0.002315 -0.002390 0.649958 0.759963 
457.833000 -0.414485 4.098733 -0.020145 -0.002578 0.005663 0.683949 0.729503 
457.933000 -0.418952 4.095168 -0.020686 -0.001923 0.005681 0.716093 0.697980 
458.034000 -0.422372 4.088604 -0.021135 -0.000981 0.005503 0.747229 0.664543 
458.134000 -0.424353 4.079783 -0.023319 -0.003841 0.008526 0.769710 0.638325 
458.234000 -0.422342 4.068790 -0.025711 -0.002436 0.005345 0.797552 0.603222 
458.334000 -0.426059 4.055691 -0.023994 -0.004157 0.016322 0.824841 0.565114 
458.436000 -0.428901 4.052930 -0.021576 -0.003188 0.014384 0.852076 0.523210 
458.535000 -0.429046 4.053662 -0.024222 -0.003232 0.017469 0.873436 0.486615 
458.634000 -0.427845 4.059228 -0.025908 -0.003090 0.015648 0.892678 0.450413 
458.735000 -0.420305 4.064171 -0.027617 -0.003045 0.010945 0.913841 0.405914 
458.834000 -0.419363 4.063189 -0.026159 -0.000543 0.018345 0.930176 0.366654 
458.934000 -0.417999 4.069687 -0.027097 0.000955 0.010552 0.947131 0.320672 
459.034000 -0.419041 4.080105 -0.025051 0.001839 0.009203 0.960079 0.279571 
459.134000 -0.416728 4.087021 -0.023611 0.001570 0.006798 0.971111 0.238527 
459.234000 -0.407364 4.093415 -0.024844 -0.000802 -0.004634 0.980670 0.195614 
459.335000 -0.400678 4.081967 -0.027680 0.001726 0.003896 0.988884 0.148625 
459.434000 -0.403170 4.061709 -0.031485 0.002196 0.005099 0.994448 0.105080 
459.534000 -0.408162 4.042924 -0.031731 0.003221 0.008727 0.997939 0.063498 
459.634000 -0.411960 4.036398 -0.030996 0.001924 0.006634 0.999788 0.019398 
459.734000 -0.405134 4.051263 -0.030046 -0.001276 0.002958 0.999726 -0.023181 
459.836000 -0.399133 4.059519 -0.029171 0.003560 0.007442 0.997239 -0.073795 
459.934000 -0.392375 4.065600 -0.025405 0.002684 0.003492 0.993238 -0.116016 
460.034000 -0.388018 4.064655 -0.027265 0.003171 0.005379 0.987079 -0.160111 
460.134000 -0.385899 4.063079 -0.025698 0.000498 -0.001060 0.979444 -0.201711 
460.237000 -0.384161 4.064268 -0.023669 -0.001515 -0.002682 0.968318 -0.249703 
460.334000 -0.385212 4.051531 -0.025740 0.004015 0.006265 0.956892 -0.290348 
460.434000 -0.388072 4.041217 -0.026021 0.005116 0.006079 0.941739 -0.336251 
460.535000 -0.386767 4.040432 -0.026234 0.004909 0.006176 0.925296 -0.379163 
460.633000 -0.383903 4.048466 -0.026944 0.004192 0.004105 0.908238 -0.418413 
460.734000 -0.374263 4.066763 -0.026863 -0.000258 0.003426 0.889036 -0.457825 
460.834000 -0.370413 4.073078 -0.024533 0.005598 0.004706 0.867933 -0.496627 
460.934000 -0.369527 4.073276 -0.021025 -0.004082 -0.003350 -0.844758 0.535122 
461.034000 -0.369146 4.068691 -0.020956 -0.004870 -0.004115 -0.820449 0.571684 
461.134000 -0.371522 4.064453 -0.019879 -0.004871 -0.003171 -0.794713 0.606958 
461.235000 -0.372811 4.070500 -0.019607 0.000915 -0.003119 -0.767271 0.641314 
461.335000 -0.372324 4.072507 -0.019663 -0.006413 -0.003363 -0.738380 0.674346 
461.434000 -0.373938 4.073239 -0.021185 -0.005405 -0.001716 -0.706262 0.707928 
461.535000 -0.373772 4.074417 -0.021964 -0.005979 -0.001553 -0.674196 0.738526 
461.635000 -0.373160 4.075085 -0.022675 -0.008491 -0.003452 -0.645302 0.763873 
461.736000 -0.370243 4.075287 -0.023923 -0.003075 -0.002366 -0.610596 0.791932 
461.837000 -0.377023 4.065927 -0.021306 -0.015537 -0.003164 -0.575232 0.817837 
461.934000 -0.379432 4.057892 -0.020628 -0.014502 -0.003312 -0.536922 0.843501 
462.034000 -0.382212 4.051069 -0.018088 -0.020585 -0.003821 -0.500539 0.865461 
462.135000 -0.377714 4.059791 -0.019681 -0.013104 -0.003408 -0.516747 0.856031 
462.235000 -0.372548 4.070621 -0.020121 -0.012312 -0.003468 -0.522120 0.852776 
462.334000 -0.368967 4.080628 -0.018567 -0.012839 -0.003716 -0.522609 0.852468 
462.435000 -0.368647 4.089057 -0.020392 -0.008885 -0.002106 -0.521605 0.853138 
462.534000 -0.368961 4.094548 -0.020921 -0.006848 -0.001601 -0.521791 0.853044 
462.634000 -0.370784 4.092336 -0.019991 -0.006946 -0.001181 -0.521978 0.852930 
462.733000 -0.371760 4.084583 -0.020579 -0.007511 -0.001947 -0.522366 0.852686 
462.834000 -0.372085 4.075925 -0.024522 -0.009897 -0.002522 -0.523558 0.851929 
462.935000 -0.373048 4.068261 -0.023896 -0.011394 -0.002886 -0.523337 0.852045 
463.034000 -0.374148 4.063658 -0.024846 -0.011222 -0.003328 -0.522558 0.852523 
463.134000 -0.374746 4.064597 -0.024320 -0.012195 -0.003270 -0.522664 0.852445 
463.234000 -0.375205 4.065694 -0.021455 -0.013966 -0.003883 -0.522928 0.852254 
463.334000 -0.374430 4.069145 -0.023110 -0.012272 -0.003540 -0.522764 0.852382 
463.434000 -0.373483 4.074215 -0.021791 -0.011864 -0.002963 -0.522479 0.852565 
463.534000 -0.372711 4.073618 -0.019165 -0.012545 -0.003603 -0.522961 0.852256 
463.634000 -0.372220 4.072419 -0.020737 -0.012322 -0.003575 -0.523299 0.852052 
463.734000 -0.373262 4.070943 -0.024693 -0.011373 -0.002745 -0.522599 0.852498 
463.834000 -0.369814 4.075162 -0.025327 -0.008924 -0.002564 -0.546722 0.837262 
463.934000 -0.367854 4.081735 -0.021443 -0.005389 -0.001498 -0.603609 0.797261 
464.034000 -0.363153 4.083854 -0.021513 -0.004117 -0.002789 -0.638929 0.769250 
464.136000 -0.364707 4.078551 -0.020750 -0.002704 -0.000202 -0.672293 0.740280 
464.235000 -0.369110 4.071676 -0.020926 -0.003422 0.000793 -0.701455 0.712705 
464.335000 -0.360088 4.071150 -0.016065 0.006301 0.006744 -0.643972 0.764993 
464.434000 -0.352063 4.071262 -0.014677 0.011355 0.005604 -0.598985 0.800660 
464.534000 -0.356336 4.072047 -0.014111 0.000177 0.001648 -0.556881 0.830590 
464.634000 -0.365953 4.073513 -0.020312 -0.003790 -0.001058 -0.514762 0.857324 
464.733000 -0.373295 4.076982 -0.025188 -0.003338 -0.001568 -0.468927 0.883229 
464.834000 -0.381943 4.074155 -0.029270 -0.013820 -0.001315 -0.422557 0.906230 
464.931000 -0.386223 4.073760 -0.028427 -0.013970 0.000376 -0.383826 0.923300 
465.033000 -0.387009 4.075756 -0.026732 -0.017896 0.000624 -0.342010 0.939526 
465.133000 -0.384690 4.081263 -0.026348 -0.014772 0.001508 -0.300384 0.953703 
465.233000 -0.374714 4.091989 -0.025636 -0.006575 -0.000613 -0.257940 0.966138 
465.333000 -0.370219 4.105415 -0.027846 -0.008923 0.001719 -0.210604 0.977529 
465.433000 -0.369648 4.117523 -0.031503 -0.005630 0.001877 -0.168375 0.985705 
465.533000 -0.369754 4.123088 -0.027994 -0.004411 0.001525 -0.125381 0.992098 
465.633000 -0.374938 4.125935 -0.022776 0.002381 -0.000177 -0.086078 0.996286 
465.733000 -0.376837 4.123683 -0.020797 0.004194 -0.002222 -0.039383 0.999213 
465.833000 -0.380711 4.106418 -0.024195 -0.005154 0.002641 0.005836 0.999966 
465.933000 -0.389239 4.089520 -0.030633 -0.005686 0.003758 0.052564 0.998594 
466.033000 -0.393254 4.085691 -0.033420 -0.006463 0.002505 0.016428 0.999841 
466.133000 -0.392983 4.092255 -0.031304 -0.007483 0.003312 0.015143 0.999852 
466.233000 -0.331781 4.100438 -0.031527 -0.005052 0.005033 0.017754 0.999817 
466.333000 -0.254950 4.108303 -0.032728 -0.007090 0.006412 0.014817 0.999845 
466.433000 -0.182782 4.115394 -0.025258 -0.004474 0.003493 0.015119 0.999870 
466.533000 -0.133756 4.117443 -0.024765 -0.003993 0.004120 0.014297 0.999881 
466.633000 -0.085644 4.118772 -0.023361 -0.002326 -0.002937 0.013876 0.999897 
466.733000 -0.043681 4.114374 -0.025096 -0.001440 -0.003304 0.016581 0.999856 
466.833000 -0.005067 4.111788 -0.028149 -0.002919 0.000876 0.015528 0.999875 
466.933000 0.032441 4.110065 -0.026226 -0.001757 0.002673 0.017842 0.999836 
467.033000 0.075275 4.112564 -0.030425 -0.001658 0.003650 0.018145 0.999827 
467.133000 0.131536 4.114508 -0.032004 -0.002710 0.000795 0.018231 0.999830 
467.233000 0.192720 4.118889 -0.030373 -0.001767 -0.001347 0.019193 0.999813 
467.333000 0.248140 4.120758 -0.036416 -0.001867 0.001262 0.017252 0.999849 
467.433000 0.301958 4.122487 -0.040541 -0.002523 -0.000143 0.016200 0.999866 
467.533000 0.342921 4.122364 -0.042716 -0.001965 0.001017 0.017032 0.999853 
467.633000 0.384173 4.121884 -0.034999 -0.001266 -0.001770 0.019874 0.999800 
467.733000 0.430396 4.121019 -0.035168 -0.002483 0.000130 0.019015 0.999816 
467.832000 0.478855 4.122976 -0.032386 -0.001282 0.000845 0.019820 0.999802 
467.936000 0.531335 4.126563 -0.030899 -0.000820 0.002073 0.019855 0.999800 
468.035000 0.576209 4.131001 -0.030960 0.000486 0.001587 0.021063 0.999777 
468.135000 0.630089 4.131652 -0.029008 -0.001123 -0.003017 0.019779 0.999799 
468.235000 0.682866 4.134439 -0.020698 0.001382 -0.004006 0.021195 0.999766 
468.337000 0.670418 4.131836 -0.008029 0.001003 -0.003552 0.019078 0.999811 
468.434000 0.651022 4.128110 0.005729 0.000743 -0.004632 0.017236 0.999840 
468.534000 0.640461 4.126885 0.020420 0.001147 -0.002239 0.016752 0.999857 
468.634000 0.639799 4.125808 0.019598 0.001534 -0.003200 0.018131 0.999829 
468.734000 0.646570 4.130258 0.022621 0.001510 -0.005663 0.021190 0.999758 
468.834000 0.656385 4.134160 0.020294 0.001641 -0.005222 0.019243 0.999800 
468.933000 0.663256 4.137643 0.020926 0.002764 -0.006861 0.018920 0.999794 
469.034000 0.666000 4.136889 0.019734 0.002957 -0.007025 0.018543 0.999799 
469.136000 0.665438 4.132887 0.017287 0.001393 -0.007865 0.018738 0.999793 
469.235000 0.663970 4.128342 0.014911 -0.000025 -0.008398 0.019177 0.999781 
469.335000 0.658362 4.128784 0.014087 0.002011 -0.006926 0.020181 0.999770 
469.435000 0.651482 4.130665 0.015816 0.001565 -0.006341 0.020958 0.999759 
469.535000 0.647551 4.134228 0.015569 0.002232 -0.005664 0.019826 0.999785 
469.635000 0.645335 4.137065 0.018215 0.003069 -0.005906 0.022279 0.999730 
469.736000 0.649965 4.136224 0.014079 0.002230 -0.005604 0.020016 0.999781 
469.836000 0.654663 4.134131 0.017161 0.001653 -0.006381 0.020224 0.999774 
469.937000 0.659068 4.132904 0.018219 0.003301 -0.005902 0.021098 0.999755 
470.036000 0.660776 4.130864 0.018232 0.001287 -0.006609 0.019663 0.999784 
470.134000 0.664487 4.127934 0.016629 -0.000206 -0.007687 0.019068 0.999789 
470.236000 0.663338 4.128894 0.017996 0.001315 -0.007321 0.018727 0.999797 
470.335000 0.657372 4.131805 0.019718 0.001517 -0.007338 0.020586 0.999760 
470.435000 0.652266 4.133894 0.018405 0.001889 -0.006102 0.020453 0.999770 
470.534000 0.651026 4.135549 0.020532 0.002443 -0.006055 0.019574 0.999787 
470.635000 0.650419 4.135461 0.020634 0.003609 -0.006309 0.021359 0.999745 
470.735000 0.652334 4.132957 0.018438 0.001928 -0.006700 0.020339 0.999769 
470.835000 0.656754 4.131136 0.016570 0.001495 -0.006489 0.020524 0.999767 
470.936000 0.659513 4.131305 0.019373 0.002327 -0.006315 0.020430 0.999769 
471.035000 0.658417 4.131470 0.017094 0.001261 -0.006326 0.020721 0.999764 
471.135000 0.658985 4.130963 0.013234 0.000964 -0.007224 0.020410 0.999765 
471.235000 0.659022 4.130770 0.017200 0.000997 -0.007258 0.019707 0.999779 
471.335000 0.656447 4.132253 0.019919 0.001960 -0.006996 0.021231 0.999748 
471.435000 0.654078 4.132711 0.019192 0.001553 -0.006117 0.019863 0.999783 
471.535000 0.652595 4.133501 0.024088 0.002533 -0.005037 0.019702 0.999790 
471.635000 0.653240 4.134159 0.025290 0.002990 -0.006665 0.021513 0.999742 
471.735000 0.653741 4.132805 0.022057 0.001373 -0.006852 0.020808 0.999759 
471.834000 0.656058 4.131463 0.019441 0.001202 -0.005780 0.019690 0.999789 
471.935000 0.658528 4.131086 0.020169 0.001858 -0.006375 0.019999 0.999778 
472.035000 0.657002 4.132813 0.020216 0.002967 -0.007092 0.021399 0.999741 
472.134000 0.658781 4.133327 0.018768 0.002206 -0.007312 0.019082 0.999789 
472.236000 0.661114 4.132268 0.020559 0.001648 -0.007803 0.019354 0.999781 
472.335000 0.658285 4.133835 0.022662 0.003561 -0.007635 0.021017 0.999744 
472.435000 0.653983 4.133216 0.022941 0.002066 -0.006795 0.020762 0.999759 
472.535000 0.655178 4.131961 0.025858 0.001663 -0.006407 0.019583 0.999786 
472.636000 0.655262 4.131607 0.023602 0.001486 -0.007454 0.020353 0.999764 
472.735000 0.655463 4.132768 0.023114 0.002655 -0.007596 0.021325 0.999740 
472.837000 0.654826 4.132293 0.019677 0.000854 -0.006600 0.020151 0.999775 
472.935000 0.652178 4.134247 0.019913 0.002867 -0.006616 0.022400 0.999723 
473.035000 0.652883 4.135204 0.017566 0.003131 -0.007345 0.020824 0.999751 
473.135000 0.653944 4.133949 0.020959 0.002241 -0.005579 0.020401 0.999774 
473.235000 0.655086 4.133670 0.019374 0.003525 -0.006851 0.020150 0.999767 
473.335000 0.655689 4.132171 0.020006 0.001932 -0.006489 0.020439 0.999768 
473.435000 0.657279 4.130338 0.017747 0.000837 -0.005896 0.020211 0.999778 
473.534000 0.660336 4.130237 0.016311 0.001137 -0.006621 0.018432 0.999808 
473.635000 0.658779 4.133371 0.019729 0.003144 -0.007458 0.021446 0.999737 
473.733000 0.656988 4.133826 0.016002 0.001850 -0.007218 0.019957 0.999773 
473.833000 0.655665 4.133074 0.018663 0.001713 -0.007420 0.020534 0.999760 
473.934000 0.656504 4.132062 0.020386 0.002537 -0.006648 0.020146 0.999772 
474.034000 0.654888 4.131727 0.018293 0.001454 -0.007164 0.021085 0.999751 
474.132000 0.658362 4.131439 0.019714 0.001840 -0.007764 0.020367 0.999761 
474.233000 0.660042 4.131351 0.021846 0.002010 -0.007348 0.019472 0.999781 
474.334000 0.658831 4.132064 0.020018 0.001759 -0.006904 0.020236 0.999770 
474.434000 0.656574 4.132465 0.015085 0.001474 -0.006223 0.020067 0.999778 
474.534000 0.658800 4.133451 0.018298 0.002316 -0.006610 0.018833 0.999798 
474.634000 0.658352 4.133101 0.020493 0.002136 -0.007149 0.020612 0.999760 
474.735000 0.656261 4.132552 0.020752 0.001925 -0.007055 0.020102 0.999771 
474.835000 0.656518 4.131145 0.014556 0.000866 -0.007336 0.020424 0.999764 
474.934000 0.657087 4.131152 0.018749 0.001816 -0.006388 0.019916 0.999780 
475.034000 0.655395 4.132266 0.020064 0.002199 -0.006963 0.020445 0.999764 
475.134000 0.658140 4.132057 0.017887 0.001001 -0.007653 0.019075 0.999788 
475.235000 0.658795 4.132448 0.020480 0.001734 -0.006528 0.019174 0.999793 
475.334000 0.660147 4.133900 0.023158 0.002868 -0.006786 0.019133 0.999790 
475.435000 0.659258 4.134311 0.021196 0.002327 -0.006599 0.018788 0.999799 
475.534000 0.659836 4.132778 0.023503 0.001705 -0.005817 0.018498 0.999811 
475.635000 0.660425 4.132372 0.022205 0.002189 -0.007217 0.018675 0.999797 
475.734000 0.660219 4.131311 0.019964 0.001675 -0.007702 0.019556 0.999778 
475.835000 0.658844 4.130213 0.014069 0.000450 -0.006935 0.019297 0.999790 
475.934000 0.657616 4.131405 0.016174 0.001311 -0.007162 0.019223 0.999789 
476.035000 0.656071 4.132567 0.016013 0.002287 -0.006705 0.020442 0.999766 
476.134000 0.654048 4.133216 0.016945 0.001643 -0.007002 0.020471 0.999765 
476.234000 0.651921 4.134996 0.018996 0.003665 -0.006452 0.020256 0.999767 
476.334000 0.651043 4.134751 0.020510 0.002704 -0.006622 0.021062 0.999753 
476.434000 0.653594 4.133075 0.015940 0.001740 -0.005307 0.020377 0.999777 
476.535000 0.654870 4.132712 0.014731 0.002059 -0.006416 0.020138 0.999775 
476.633000 0.655635 4.132953 0.018609 0.003239 -0.006328 0.020587 0.999763 
476.734000 0.659948 4.131587 0.017838 0.001237 -0.006407 0.018049 0.999816 
476.834000 0.664255 4.130250 0.015873 0.000769 -0.007728 0.018268 0.999803 
476.934000 0.663776 4.131947 0.016383 0.002544 -0.006292 0.019434 0.999788 
477.034000 0.660767 4.132896 0.016210 0.001865 -0.008076 0.019661 0.999772 
477.134000 0.659651 4.131886 0.017086 0.001211 -0.008136 0.020694 0.999752 
477.234000 0.658189 4.132124 0.021759 0.002556 -0.007519 0.018955 0.999789 
477.335000 0.652499 4.132784 0.022572 0.001945 -0.007100 0.021340 0.999745 
477.435000 0.651099 4.132693 0.019147 0.001041 -0.006643 0.020658 0.999764 
477.534000 0.653700 4.132360 0.019307 0.001376 -0.005755 0.019894 0.999785 
477.635000 0.655297 4.133621 0.019085 0.002664 -0.006611 0.021179 0.999750 
477.736000 0.657177 4.132890 0.014876 0.001315 -0.006799 0.020098 0.999774 
477.837000 0.660731 4.131754 0.010616 0.001392 -0.006980 0.019427 0.999786 
477.934000 0.659823 4.131295 0.012536 0.000695 -0.005842 0.020120 0.999780 
478.034000 0.658576 4.131662 0.013518 0.001491 -0.006387 0.019820 0.999782 
478.134000 0.661232 4.131239 0.012451 0.000956 -0.007241 0.019062 0.999792 
478.234000 0.660415 4.131808 0.018644 0.001452 -0.007349 0.018633 0.999798 
478.334000 0.658634 4.132498 0.021778 0.002169 -0.006867 0.019738 0.999779 
478.435000 0.655979 4.132372 0.021081 0.001139 -0.006408 0.020247 0.999774 
478.534000 0.654513 4.132708 0.023359 0.001989 -0.005370 0.019483 0.999794 
478.634000 0.656124 4.133486 0.022589 0.002410 -0.006509 0.019752 0.999781 
478.734000 0.656983 4.133508 0.021336 0.002122 -0.007112 0.020168 0.999769 
478.835000 0.658434 4.133139 0.017857 0.002014 -0.006443 0.019285 0.999791 
478.934000 0.661123 4.132253 0.017918 0.001451 -0.006512 0.018011 0.999816 
479.034000 0.662251 4.131900 0.017584 0.002326 -0.007242 0.019223 0.999786 
479.135000 0.659240 4.130770 0.014536 0.000651 -0.007404 0.020090 0.999771 
479.234000 0.660260 4.130257 0.016201 0.000511 -0.007779 0.018921 0.999791 
479.334000 0.660256 4.132599 0.018387 0.002748 -0.007011 0.018541 0.999800 
479.434000 0.658284 4.132953 0.017391 0.001678 -0.006613 0.019310 0.999790 
479.534000 0.656479 4.134078 0.018204 0.002181 -0.006907 0.019178 0.999790 
479.634000 0.653863 4.133911 0.019960 0.002982 -0.006736 0.020413 0.999764 
479.734000 0.654686 4.133086 0.015544 0.001757 -0.006398 0.020118 0.999776 
479.834000 0.655100 4.132191 0.018452 0.001530 -0.006807 0.019819 0.999779 
479.934000 0.657816 4.132038 0.019351 0.002234 -0.006308 0.020648 0.999764 
480.034000 0.659635 4.131654 0.016476 0.001253 -0.007342 0.019783 0.999777 
480.134000 0.663293 4.129520 0.014600 -0.000019 -0.007403 0.018238 0.999806 
480.235000 0.661919 4.130630 0.014114 0.001315 -0.006990 0.019586 0.999783 
480.334000 0.657140 4.132242 0.017210 0.001432 -0.007145 0.020360 0.999766 
480.434000 0.653366 4.133269 0.017881 0.001866 -0.005868 0.019975 0.999782 
480.534000 0.652582 4.133789 0.019264 0.002090 -0.006481 0.019850 0.999780 
480.636000 0.651850 4.134331 0.020477 0.003168 -0.006316 0.021256 0.999749 
480.735000 0.653545 4.132604 0.018590 0.001592 -0.006780 0.020123 0.999773 
480.835000 0.657313 4.131236 0.016580 0.001164 -0.006501 0.020296 0.999772 
480.935000 0.659044 4.132214 0.019963 0.002602 -0.006472 0.020884 0.999758 
481.037000 0.658197 4.132733 0.016310 0.001704 -0.006789 0.020655 0.999762 
481.137000 0.659339 4.131852 0.013234 0.001084 -0.007253 0.020548 0.999762 
481.235000 0.657888 4.131572 0.016946 0.001406 -0.007612 0.020778 0.999754 
481.335000 0.655674 4.132424 0.019959 0.002266 -0.007002 0.021312 0.999746 
481.435000 0.654294 4.132676 0.018900 0.001622 -0.006080 0.019843 0.999783 
481.535000 0.652206 4.133418 0.023745 0.002273 -0.005094 0.020362 0.999777 
481.636000 0.652889 4.133668 0.024108 0.002770 -0.006658 0.021623 0.999740 
481.736000 0.653785 4.131940 0.020679 0.000817 -0.006669 0.020886 0.999759 
481.835000 0.655659 4.131585 0.018027 0.001471 -0.006399 0.020386 0.999771 
481.935000 0.658264 4.131845 0.019905 0.002020 -0.006339 0.020099 0.999776 
482.035000 0.657057 4.133325 0.020193 0.002702 -0.006958 0.021528 0.999740 
482.135000 0.656431 4.133528 0.019610 0.002265 -0.007225 0.020541 0.999760 
482.235000 0.657926 4.132085 0.022567 0.001814 -0.006901 0.019643 0.999782 
482.336000 0.655897 4.133889 0.025089 0.003795 -0.007430 0.021165 0.999741 
482.435000 0.653032 4.134206 0.025187 0.002252 -0.006895 0.021584 0.999741 
482.535000 0.654969 4.132543 0.027147 0.001698 -0.006136 0.019870 0.999782 
482.636000 0.655453 4.131813 0.024250 0.001509 -0.006964 0.020367 0.999767 
482.736000 0.655926 4.132332 0.022213 0.002452 -0.007637 0.021424 0.999738 
482.835000 0.655354 4.131558 0.018291 0.000770 -0.006575 0.020398 0.999770 
482.935000 0.653559 4.133026 0.020156 0.002954 -0.006803 0.021748 0.999736 
483.035000 0.653823 4.134296 0.017779 0.002954 -0.007473 0.020696 0.999754 
483.136000 0.654892 4.133444 0.021690 0.002158 -0.005773 0.020128 0.999778 
483.236000 0.655607 4.133714 0.020056 0.003455 -0.006948 0.020173 0.999766 
483.335000 0.655301 4.132570 0.020069 0.001601 -0.006553 0.020765 0.999762 
483.435000 0.656916 4.130847 0.017538 0.000796 -0.005795 0.020241 0.999778 
483.535000 0.658178 4.130707 0.015246 0.000987 -0.006149 0.019332 0.999794 
483.635000 0.656717 4.133304 0.017911 0.003036 -0.007082 0.021464 0.999740 
483.735000 0.655698 4.133604 0.014356 0.001697 -0.006818 0.020275 0.999770 
483.835000 0.655814 4.132767 0.016904 0.001570 -0.007469 0.020759 0.999755 
483.935000 0.655149 4.132776 0.021561 0.002858 -0.006318 0.021068 0.999754 
484.034000 0.653819 4.132484 0.019796 0.001891 -0.007282 0.021293 0.999745 
484.135000 0.656744 4.131936 0.020937 0.001614 -0.006989 0.020628 0.999761 
484.235000 0.657278 4.132388 0.023764 0.002349 -0.007243 0.020665 0.999757 
484.336000 0.656419 4.132805 0.021692 0.002104 -0.006792 0.020896 0.999756 
484.435000 0.655349 4.132908 0.016165 0.001931 -0.006274 0.020893 0.999760 
484.536000 0.656916 4.132721 0.016852 0.001764 -0.006414 0.020123 0.999775 
484.636000 0.656278 4.133267 0.019480 0.002237 -0.006975 0.021849 0.999734 
484.735000 0.655498 4.132604 0.019353 0.001526 -0.006880 0.020410 0.999767 
484.835000 0.657164 4.131267 0.013432 0.000811 -0.006864 0.020064 0.999775 
484.935000 0.657174 4.131685 0.017781 0.002060 -0.006589 0.020433 0.999767 
485.036000 0.654564 4.132712 0.019829 0.002081 -0.006852 0.021297 0.999748 
485.136000 0.655131 4.132252 0.017643 0.001084 -0.006976 0.020390 0.999767 
485.236000 0.656254 4.132280 0.021464 0.002032 -0.006686 0.020157 0.999772 
485.335000 0.655585 4.134505 0.025182 0.003646 -0.007021 0.021410 0.999739 
485.433000 0.652958 4.134534 0.021697 0.002273 -0.006310 0.021205 0.999753 
485.535000 0.652358 4.133836 0.024720 0.002318 -0.005670 0.021125 0.999758 
485.636000 0.652934 4.133610 0.023957 0.002596 -0.006741 0.021101 0.999751 
485.735000 0.653725 4.133266 0.022978 0.002000 -0.007184 0.021742 0.999736 
485.835000 0.656047 4.131290 0.016537 0.001041 -0.006464 0.019927 0.999780 
485.936000 0.657962 4.131224 0.014241 0.000943 -0.006131 0.019908 0.999783 
486.037000 0.659749 4.131858 0.015461 0.002173 -0.007107 0.020373 0.999765 
486.134000 0.659220 4.131389 0.013310 0.000705 -0.007157 0.019790 0.999778 
486.234000 0.658864 4.133126 0.016910 0.002590 -0.006966 0.018763 0.999796 
486.334000 0.657807 4.133605 0.019691 0.002271 -0.006923 0.019276 0.999788 
486.434000 0.658532 4.133503 0.016694 0.001962 -0.006044 0.018933 0.999801 
486.534000 0.659847 4.133700 0.017721 0.002531 -0.007116 0.017760 0.999814 
486.634000 0.659709 4.133639 0.020419 0.003204 -0.006689 0.019192 0.999788 
486.734000 0.660781 4.132003 0.019802 0.001380 -0.006794 0.018102 0.999812 
486.835000 0.662125 4.130172 0.018195 0.000511 -0.007732 0.018733 0.999794 
486.934000 0.660506 4.131451 0.019073 0.002489 -0.006769 0.020293 0.999768 
487.035000 0.658167 4.132754 0.018170 0.002190 -0.007858 0.019621 0.999774 
487.135000 0.657113 4.132830 0.019208 0.001591 -0.007339 0.021011 0.999751 
487.234000 0.657632 4.132982 0.020801 0.002653 -0.007526 0.019501 0.999778 
487.335000 0.654034 4.133469 0.021750 0.001958 -0.006996 0.021340 0.999746 
487.434000 0.653678 4.132558 0.019838 0.001121 -0.006620 0.020001 0.999777 
487.534000 0.657047 4.132238 0.019262 0.001769 -0.006328 0.019529 0.999788 
487.634000 0.659368 4.133088 0.019871 0.002683 -0.006810 0.019997 0.999773 
487.734000 0.660768 4.133421 0.015401 0.001814 -0.006924 0.018670 0.999800 
487.834000 0.663889 4.132799 0.011521 0.001729 -0.007465 0.018362 0.999802 
487.933000 0.661845 4.132258 0.014553 0.001206 -0.006225 0.019552 0.999789 
488.033000 0.659084 4.131958 0.014433 0.001707 -0.006609 0.019663 0.999783 
488.134000 0.660024 4.130798 0.013957 0.001091 -0.007262 0.019410 0.999785 
488.235000 0.657316 4.130387 0.018980 0.001030 -0.006699 0.019848 0.999780 
488.334000 0.655259 4.131633 0.023379 0.002166 -0.006974 0.020651 0.999760 
488.434000 0.655145 4.132377 0.022584 0.001544 -0.006298 0.019651 0.999786 
488.536000 0.655184 4.133575 0.024968 0.002131 -0.005541 0.019875 0.999785 
488.635000 0.655065 4.134491 0.025056 0.002997 -0.006768 0.021168 0.999749 
488.735000 0.655472 4.134506 0.023702 0.002912 -0.007501 0.021252 0.999742 
488.835000 0.655434 4.133554 0.021219 0.002589 -0.006299 0.020375 0.999769 
488.935000 0.656053 4.132417 0.019692 0.001796 -0.006974 0.020584 0.999762 
489.036000 0.656233 4.133025 0.021597 0.002956 -0.007771 0.021470 0.999735 
489.135000 0.655551 4.131622 0.016832 0.001128 -0.006955 0.020444 0.999766 
489.235000 0.658606 4.130111 0.016572 0.000484 -0.007858 0.020397 0.999761 
489.336000 0.658574 4.132328 0.018958 0.003279 -0.007082 0.019939 0.999771 
489.436000 0.655189 4.133893 0.019883 0.002495 -0.007028 0.021119 0.999749 
489.534000 0.652972 4.134509 0.019875 0.002274 -0.006555 0.020057 0.999775 
489.635000 0.651407 4.134680 0.020217 0.003111 -0.006706 0.021273 0.999746 
489.736000 0.653855 4.133883 0.014982 0.001870 -0.006542 0.020653 0.999764 
489.835000 0.654490 4.132994 0.017604 0.001678 -0.007008 0.020755 0.999759 
489.935000 0.655779 4.133242 0.020724 0.003424 -0.006015 0.021484 0.999745 
490.035000 0.657567 4.131629 0.019923 0.001517 -0.007120 0.020073 0.999772 
490.135000 0.662263 4.128934 0.017990 0.000050 -0.007375 0.019048 0.999791 
490.235000 0.662118 4.129835 0.015384 0.001062 -0.006924 0.019881 0.999778 
490.335000 0.657379 4.132531 0.017645 0.001437 -0.007470 0.021100 0.999748 
490.437000 0.653004 4.134511 0.018459 0.002119 -0.006145 0.020754 0.999763 
490.535000 0.651869 4.134691 0.019581 0.002601 -0.006308 0.020224 0.999772 
490.635000 0.651549 4.134646 0.020318 0.003361 -0.006337 0.021555 0.999742 
490.735000 0.653040 4.132541 0.018029 0.001529 -0.006601 0.020226 0.999772 
490.835000 0.657078 4.131175 0.015806 0.001347 -0.006177 0.020297 0.999774 
490.935000 0.659400 4.131766 0.018819 0.002367 -0.006298 0.020642 0.999764 
491.035000 0.658785 4.132850 0.015871 0.001660 -0.006724 0.020901 0.999758 
491.135000 0.659889 4.132323 0.013835 0.001164 -0.007242 0.020422 0.999765 
491.235000 0.658887 4.131514 0.015896 0.000895 -0.007457 0.019971 0.999772 
491.335000 0.656244 4.132362 0.018869 0.002071 -0.006860 0.021240 0.999749 
491.435000 0.654444 4.132508 0.018528 0.001567 -0.006054 0.019850 0.999783 
491.535000 0.653205 4.133270 0.023874 0.002235 -0.005101 0.019948 0.999786 
491.637000 0.654344 4.133374 0.024215 0.002470 -0.006742 0.021319 0.999747 
491.735000 0.654355 4.132633 0.022032 0.001177 -0.007038 0.021300 0.999748 
491.835000 0.656173 4.131875 0.019761 0.001346 -0.006062 0.019917 0.999782 
491.935000 0.658397 4.131823 0.020956 0.001983 -0.006452 0.020092 0.999775 
492.036000 0.657543 4.133007 0.020706 0.002654 -0.007004 0.021174 0.999748 
492.135000 0.656789 4.133311 0.019471 0.002170 -0.007266 0.020675 0.999757 
492.234000 0.660076 4.132317 0.021844 0.001633 -0.007417 0.019016 0.999790 
492.334000 0.661751 4.133439 0.021395 0.003296 -0.007164 0.018803 0.999792 
492.433000 0.661941 4.134093 0.021715 0.002893 -0.007051 0.018211 0.999805 
492.535000 0.663006 4.131952 0.018911 0.000597 -0.008048 0.019172 0.999784 
492.634000 0.661593 4.131596 0.020909 0.002153 -0.007610 0.018579 0.999796 
492.734000 0.659018 4.131575 0.022031 0.001914 -0.007730 0.019928 0.999770 
492.835000 0.654135 4.131622 0.020138 0.001229 -0.006798 0.020527 0.999765 
492.934000 0.650347 4.133775 0.020522 0.002983 -0.006309 0.021771 0.999739 
493.034000 0.651200 4.134837 0.016578 0.002461 -0.007112 0.020520 0.999761 
493.137000 0.654077 4.133752 0.017995 0.001943 -0.005210 0.019475 0.999795 
493.234000 0.657207 4.133907 0.016666 0.003319 -0.006664 0.019702 0.999778 
